"position","youtube_id","reviewed_title","original_title","channel","duration_seconds","youtube_url","description","mp3_file"
"1","oEsbuBGusek","William Marrion Branham worship songs","Bro. William Marion branham worship songs","Eliya Lemigio","348","https://www.youtube.com/watch?v=oEsbuBGusek","Worship songs Extracted from 
57-0908E - Hebrews, Chapter Six #2
    Rev. William Marrion Branham","oEsbuBGusek.mp3"
"2","FcaqcuoQIlc","I love him","Bro. William Marion branham songs ( I love him)","Eliya Lemigio","104","https://www.youtube.com/watch?v=FcaqcuoQIlc","Excerpted from (branham 62-0607)","FcaqcuoQIlc.mp3"
"3","FcaqcuoQIlc","I love him","Bro. William Marion branham songs ( I love him)","Eliya Lemigio","104","https://www.youtube.com/watch?v=FcaqcuoQIlc","Excerpted from (branham 62-0607)","FcaqcuoQIlc.mp3"
"4","t8dX1qkNucA","We'll work till Jesus comes","William branham (song 213) - we'll work till Jesus comes","Eliya Lemigio","195","https://www.youtube.com/watch?v=t8dX1qkNucA","When will the moment come

When I shall lay my armor by,

And dwell in peace at Home?

We’ll work till Jesus comes,

We’ll work till Jesus comes,

We’ll work till Jesus comes,

And then we’re gathered Home!

No tranquil joys on earth I know,

No peaceful, sheltering dome;

This world’s a wilderness of woe,

This world is not my Home.

We’ll work till Jesus comes,

We’ll work till Jesus comes,

We’ll work till Jesus comes,

And we’ll be gathered Home.

To Jesus Christ I fled for rest;

He bade me cease to roam;

And lean for succor on His breast

Till He conduct me Home?

We’ll work till Jesus comes,

We’ll work till Jesus comes,

We’ll work till Jesus comes,

And we’ll be gathered Home!

I sought at once my Saviour’s side,

No more my steps shall roam;

With Him I’ll brave death’s chilling tide

And reach my Heavenly Home.

We’ll work till Jesus comes,

We’ll work till Jesus comes,

We’ll work till Jesus comes,

And we’ll be gathered Home.


    52-0224 -  Believing God
    Rev. William Marrion Branham","t8dX1qkNucA.mp3"
"5","q2v5b8F297o","Gathering sheaves, beautiful sheaves","William branham (song 186) - gathering sheaves, beautiful sheaves","Eliya Lemigio","150","https://www.youtube.com/watch?v=q2v5b8F297o","Lyrics: 

To the harvest fields away we will gladly go today,

Gathering sheaves, oh, beautiful sheaves;

From the early dawn till night we will labor with our might,

Gathering sheaves, oh, beautiful sheaves.

Gathering sheaves, beautiful sheaves,

Gathering sheaves, beautiful sheaves;

Oh, praise the Lord, we’re on our way to the Land of endless day,

Gathering sheaves, oh, beautiful sheaves.

On the mountain, hills or plain we will harvest in the grain,

Gathering sheaves, beautiful sheaves;

Yes, we’ll labor far and near, never falter, never fear,

Gathering sheaves, oh, beautiful sheaves.

3 Everyone now, come on!

Gathering sheaves, oh, beautiful sheaves,

Gathering sheaves, golden sheaves, beautiful golden sheaves;

Praise the Lord, we’re on our way to the Land of endless day,

Gathering sheaves, beautiful sheaves.



4 Just a moment. Now when we come to that part again, “Praise the Lord, we’re on our way to the Land,” let’s point upward, “to the Land of endless day, gathering sheaves.” Let’s try the chorus now. Come on!

Praise the Lord, we’re on our way to the Land of endless day,

Gathering sheaves, beautiful sheaves.

5 Well, now let’s get it again. All right.

We will sing and we will pray, and our Master’s Voice obey,

Gathering sheaves, oh, beautiful sheaves;

As we go in foreign lands, doing what our Lord commands,

Gathering sheaves, beautiful sheaves.

Gathering sheaves, beautiful sheaves,

Gathering sheaves, beautiful sheaves;

Oh, praise the Lord, we’re on our way to the Land of endless day,

Gathering sheaves, beautiful sheaves.

    52-0224 -  Believing God
    Rev. William Marrion Branham","q2v5b8F297o.mp3"
"6","7yEvlzhT1pQ","Jesus breaks every fetter","William branham (song 194) - Jesus breaks every fetter","Eliya Lemigio","354","https://www.youtube.com/watch?v=7yEvlzhT1pQ","Lyrics 

He is hid behind a veil. May God break every veil, and we see Him as He is! Jesus breaks every fetter, Jesus break every fetter, Oh, Jesus break every fetter, When He set you free! On the other side of Jordan, In the sweet fields of Eden Where the Tree of Life is blooming, There is rest for me. Jesus break… Don’t you want to cross Jordan now? Ain’t it long enough in the wilderness? Let’s go over in the promises! Jesus break every fetter, Jesus break every fetter, Oh, when He set you free! 371 Let’s raise our hand now. I will ever, ever praise Him, I will ever, ever praise Him, I will ever, ever praise Him, For He sets me free! 372 Amen! Don’t that make you feel good? [Congregation says, “Amen.”—Ed.] Oh, how wonderful! How wonderful, isn’t He, then? Let’s shake hands with one another now, saying:

Jesus break…-very fetter,

Jesus break every fetter,

Oh, Jesus break every fetter, (God bless you, brother.)

Oh, and He sets you free!

I will ever, ever praise Him, (the Mighty God)

I…(“Same yesterday, today, and forever,” just changed His form.)…praise Him,

I will ever, ever praise Him,

For He’s (took all the creeds away from me) set me…(to believe His Word).



373 Oh, can’t you hear the Master’s Violin pull across, the bow across this Word? He’s the same yesterday, today!

I will ever, ever praise Him,

I will ever, ever praise Him,

I…(Him, the Word!)…ever, ever praise Him, (What did He do?)

For He set (behind the curtain) me free!

374 Praise be to God! I love Him. Don’t you love Him? [Congregation says, “Amen.”—Ed.] Isn’t this Heavenly? [“Amen.”] I like that attributes of the Word, see, just the Holy Spirit in that sweet, humble way. I—I just like That. Oh, just think!

On the other side of Jordan, (I’m nearing there now)

In the sweet…(immortal) of Eden,…(What will I find there?)

Where the Tree of…(that was in the garden of Eden) is blooming,

There is rest for me.

375 You want to go? He breaks every fetter.

Jesus break (every tradition) every fetter,

Jesus break every fetter (all denominations, all creeds),

…break every fetter,

Oh, when He set you free!



376 Praise be to God! I just love Him. 
  
  ""64-0614M"" 
  The Unveiling Of God
   Rev. William Marrion Branham","7yEvlzhT1pQ.mp3"
"7","NO0klsMnJ5g","Just as I am","Rev. William Marion Branham (song 154) - Just as I am","Eliya Lemigio","167","https://www.youtube.com/watch?v=NO0klsMnJ5g","Song from 

57-0725

Hear Ye Him

Rev. William Marrion Branham","NO0klsMnJ5g.mp3"
"8","jvt7jGCbMs8","I'm in the Lord's army","Rev. William Marion branham (song 981) - I'm in the Lord's army","Eliya Lemigio","148","https://www.youtube.com/watch?v=jvt7jGCbMs8","Song from
56-0513
Teaching On Moses
Rev. William Marrion Branham","jvt7jGCbMs8.mp3"
"9","Zt0-gVhPTXg","I'm a child of the King","I'm a child of The King - Bro. William Branham (song 151)","Eliya Lemigio","168","https://www.youtube.com/watch?v=Zt0-gVhPTXg","A song by brother William Marion Branham
60-1127E
58-1221E","Zt0-gVhPTXg.mp3"
"10","gjjnyEcWupA","They come from the East and West","They come from the East and West - by bro. William Marion Branham (song 03)","Eliya Lemigio","210","https://www.youtube.com/watch?v=gjjnyEcWupA","Lyrics, 

287 I like that song, They Come From the East and West. How many knows it? I don’t know as I know it, but I think I know a verse. You might pick it up, Sister. I don’t know whether they can get it.

Oh, they come from the East and West;

They come from the land afar,

To feast with our King,

To dine as His guests,

How blessed these pilgrims are.

Oh, beholding His hallowed face,

Aglow with love divine;

Blest partakers of His grace,

As gems in His crown to shine.

Oh, Jesus is coming soon;

Our trials will then be o’er.

Oh, what if our Lord this moment should come

For those who are free from sin.

Oh, then would it bring you joy,

Or sorrow and deep despair?

When the Lord in Glory comes,

We’ll meet Him up in the air. (Do you like that? Let’s try it again.)

Oh, they’ll come from the East and West;

Oh, they come from the land afar,

To feast with our King,

To dine as His guests,

How blessed these pilgrims are.

Beholding His hallowed face,

Aglow with love divine;

Oh, blest partakers of His grace,

As gems in His crown to shine.

Oh, Jesus is coming soon;

Our trials will then be o’er.

Oh, what if our Lord this moment should come

For those who are free from sin.

Oh, then would it bring you joy,

Or sorrow and deep despair?

When our Lord in Glory comes,

We’ll meet Him up in the air. (How many wants to meet Him up there? Oh, my!)

Oh, Jesus is coming soon; (Just close your eyes and imagine you hear the trumpet sound.)

Our troubles will then be o’er.

Oh, what if our Lord this moment should come

For those who are free from sin.

Oh, then would it bring you joy,

Or sorrow and deep despair?

When our Lord in Glory come,

We’ll meet Him up in the air. (You like that?)
    

64-0823E -  Questions And Answers #2
    Rev. William Marrion Branham","gjjnyEcWupA.mp3"
"11","kcph1YV2xsk","Blest be the tie that binds","Blest be the tie that binds - William Marion Branham (song 220)","Eliya Lemigio","215","https://www.youtube.com/watch?v=kcph1YV2xsk","Lyrics:

Blest be the tie that binds (Oh, my!)

Our hearts in Christian love;

The fellowship of kindred mind

Is like to that above.

Before our Father’s throne

We pour our ardent prayer;

Our fears, our hopes, our aims are one,

Our comforts and our cares.

But when we asunder part,

It gives us inward pain;

But we shall still be joined in heart,

And hope to meet again.



289 Sister Wilson, you remember about thirty-three or thirty-five years ago in a little house meeting we’d hold one another’s hands? I knowed you remember that. Oh, let’s just reach over now and take somebody by hand.

Blest be the tie that binds

Our heart in Christian love;

The fellowship of kindred mind

Is like to that above.

Before our Fathers’ throne

We pour our ardent prayer;

Our fears, our hopes, our aims are one,

Our comforts and our cares.

When we asunder part,

It gives us inward pain;

But we shall still be joined in heart,

And hope to meet again.

Do you love one another? Little children, love one another.
    
64-0823E -  Questions And Answers #2
    Rev. William Marrion Branham","kcph1YV2xsk.mp3"
"12","gHJzvkr0Lfs","Sweet by and by","SWEET BY AND BY  - Rev. William Branham ( song 53)","Eliya Lemigio","170","https://www.youtube.com/watch?v=gHJzvkr0Lfs","86 Doesn’t that just make you feel all scoured out inside? How many feels that way? just all scoured out? the love of God just sweeping through and taking all the old malice and laying it aside? It’s much better than anything else I know of. Don’t you think so? Just something does something to you.
    
57-0519A -  Hear Ye Him
    Rev. William Marrion Branham","gHJzvkr0Lfs.mp3"
"13","v3Gc_ZGjQQg","Glory to his name","Glory to His name -Bro. William Branham (song 51)","Eliya Lemigio","506","https://www.youtube.com/watch?v=v3Gc_ZGjQQg","Down at the cross where my Saviour died,

Down there for cleansing from sin I cried;

There to my heart was the Blood applied;

Glory to His Name!

Oh, glory to His Name, that precious Name!

Glory to His Name!

There to my heart was the Blood applied;

Glory to His Name!

Let’s raise our hands now, when we sing this stanza.

I am so wondrously saved from sin,

Jesus so sweetly abides within,

There at the cross where He took me in;

Glory to His Name!

Saying, glory to His Name, precious Name!

Oh, glory to His Name!

There to my heart was the Blood applied;

Glory to His Name!

132 How many wants to go to Heaven? Sure, we do. Yes, sir. I want to go. I’m on my road. I just love to know that I got my fellow men and sisters going along. Yes, sir.

Come to this Fountain that cleanses me,

Cast thy poor soul at the Saviour’s feet;

Oh, plunge in today and be made complete;

Glory to His Name!

Glory to His Name!

Glory to His precious Name!

There to my heart was the Blood applied;

Glory to…

That’s so good!

I am so wondrously saved from sin,

Jesus so sweetly abides within,

There at the cross where He took me in;

Glory to His Name!

Oh, and glory to His precious Name!

Glory to His Name!

There to my heart was the Blood applied;

Glory to His Name!

Come to this Fountain so rich and sweet;

Cast thy poor soul…the Saviour’s feet.

Would you like to come up and kneel down a while?

…-day, and be made complete;

Glory to His Name!

Singing, glory to His Name, precious Name!

Oh, glory to His Name, precious Name!

There to my heart was the Blood applied;

Glory to His Name!

Singing, glory to…

133 Would some of you like to come up and kneel around the altar now? Come up with the little boy. Come.

Glory to His precious Name!

Oh, there to my…

134 Brother Beeler. Brother Beeler. Brother Beeler. Come here, you brethren. Brother Ruddell.

…His Name!

Singing, glory to His…

135 Would there be someone else like to come up and kneel down? Come on up, if you want to dedicate your lives over to God, while the Holy Spirit is here.

There to my heart was the Blood applied;

Glory to His Name!

Come to this Fountain so rich and sweet;

Cast thy poor soul at the Saviour’s feet;

Oh, plunge in today, and be made complete;

Glory to His Name!

Singing, glory to His Name, that precious Name!

Oh, glory to His Name!

There to my heart was the Blood applied;

Glory to His Name!

Singing, glory to His Name, precious Name!

Glory to His Name!

Oh, there to my heart was the Blood applied;

Glory to His Name!

Won’t you come to this Fountain so rich and sweet;

Cast your poor soul at…

136 Won’t you come up, tonight? Kneel down and pray. Anybody wants to come, come on.

…in today, and be made complete;

Oh, glory to His Name!

Singing, glory to His Name, precious Name!

Glory to His precious Name!

Oh, there to my heart was the Blood applied;

Glory to His Name!



137 Oh, what a wonderful time! Oh, how we used to sing that old song!
    


59-1001 -  What Went Ye Out To See?
    Rev. William Marrion Branham","v3Gc_ZGjQQg.mp3"
"14","YGBLx1uadcs","There's a fountain filled with blood","There's a fountain filled with blood - Rev. William Branham (song 54)","Eliya Lemigio","177","https://www.youtube.com/watch?v=YGBLx1uadcs","Lyrics 

There is a fountain filled with blood,

Drawn from Emmanuel’s veins,

And sinners plunged beneath that flood,

Lose all their guilty stains.

Lose all their guilty stains,

Lose all their guilty stains;

And sinners plunged beneath the flood,

Lose all their guilty stains.



The dying thief rejoiced to see

That fountain in his day.

And there may I, though vile as he,

Wash all my sin away.

Wash all my sin away,

Wash all my sins away;

And there may I, though vile as he,

Wash all my sin away.



44 Oh, don’t you love that good, old fashion sweetness of the Holy…Oh, my. Oh, I just love that. 
    


60-0312
Door To The Heart
Rev. William Marrion Branham","YGBLx1uadcs.mp3"
"15","fIKegtrHawQ","We're marching to Zion","We're marching to Zion - by Bro. William Branham (song 15)","Eliya Lemigio","290","https://www.youtube.com/watch?v=fIKegtrHawQ","Believers song number 15

From 

65-0418E

Does God Ever Change His Mind About His Word?

Rev. William Marrion Branham","fIKegtrHawQ.mp3"
"16","jjVUyO0iVUc","Jesus, the light of the world","Jesus, the Light of the world (song 142) - by bro. William Marion Branham","Eliya Lemigio","183","https://www.youtube.com/watch?v=jjVUyO0iVUc","We’ll walk in the Light, such a beautiful Light,

Come where the dewdrops of mercy are bright;

Shine all around us, by day and by night,

Jesus, the Light of…

174 Come on, saints, let’s sing it now!

We’ll walk in the Light (purity, holiness), beautiful Light,

Come where the dewdrops of mercy are bright;

Shine all around us, by day and by night,

Jesus, the Light of the world.

Come, confess Him as your King,

Jesus, the Light of the world;

Then the bells of Heaven will ring,

Jesus, the Light of the world.

Everyone!

We’ll walk in the Light (a Light to my path), beautiful Light,

Come where the dewdrops of mercy are bright;

Shine all around us, by day and by night,

Jesus, the Light of the world.



175 Don’t it make you feel good? How many feels good? Just raise up your hand now, say, “I feel real good.” Holy Spirit all scoured you out. Then we’ll (what?) walk in the Light. Don’t listen to any…What is the Light? “Thy Word is a Lamp.” So then:

We’ll walk in this Light, it’s a beautiful Light,

It comes where the dewdrops of mercy are bright;

Shine all around us, by day and by night,

Jesus, the Light of…

176 Now, isn’t that marvelous? Looks like we just can’t close. The Holy Spirit just gripping us! Don’t you feel that way? Just feels like…?…Just seems like it’s just coming out.
    

55-0724 -  Enticing Spirits
Rev. William Marrion Branham","jjVUyO0iVUc.mp3"
"17","zjoQvsnAkVM","Tis so sweet to trust in Jesus","Tis so sweet to trust in Jesus (song 487) - Bro. William Marion Branham","Eliya Lemigio","99","https://www.youtube.com/watch?v=zjoQvsnAkVM","39 “‘Tis So Sweet To Trust In Jesus.” You all that know this song, help me sing it: “‘Tis So Sweet To Trust In Jesus.” Now, we’re not singing so somebody hears you here, we’re singing it so He hears us in the Spirit. We’re trying to find favor with Him now and worship Him, and Him come to us. All right, let’s sing.

‘Tis so sweet to trust in Jesus,

Just to take Him at His Word;

Just to rest upon His promise,

Just to know “thus saith the Lord.”

Jesus, Jesus, how I trust Him,

How I proved Him o’er and o’er!

Jesus, Jesus, precious Jesus!

O for grace to trust Him more!

40 Isn’t that your desire? How I’m so glad I learned to trust Him. How I proved Him o’er and o’er. 
   

 59-0612 -  All The Days Of Our Life
    Rev. William Marrion Branham","zjoQvsnAkVM.mp3"
"18","h8gAeY84GbU","Amazing grace, how sweet the sound","Amazing grace how sweet the sound (song 02) - bro. William Marion branham","Eliya Lemigio","159","https://www.youtube.com/watch?v=h8gAeY84GbU","Amazing grace! how sweet the sound,

That saved a wretch like me!

I once was lost, but now I’m found,

Was blind, but now I see.
    
Was grace that taught my heart to fear,

Was grace my fears relieved;

How precious did that grace appear

The hour I first believed!

Now, through many dangers, toils and snares,

I have already come;

‘Tis grace that’s brought me safe thus far,

And grace will lead me home.

Then when we’ve been there ten thousand years,

Bright shining as the sun;

We’ve no less days to sing God’s praise

Than when we first begun.
    

56-0930A -  Hear Ye Him
    Rev. William Marrion Branham","h8gAeY84GbU.mp3"
"19","FRlS8UtaYuA","Oh, how I love Jesus","Oh, how I love Jesus (song 06) - William Marion Branham","Eliya Lemigio","170","https://www.youtube.com/watch?v=FRlS8UtaYuA","Oh, how I love Jesus, (glory!)

Oh, how I love…

So glad I’m saved! So glad I’m waiting for His Coming!

Oh, how I love Jesus,

Because He first loved me.

Now with our hands up, if we mean it.

I’ll never forsake Him,

I’ll never forsake Him,

I’ll never forsake Him,

Because He first loved me.



163 You love Him? [Congregation says, “Yes.”—Ed.] Then you have to love one another. Cause, if you don’t love them who you can see even here, how can you love Him Who you haven’t seen? Let’s shake one another’s hand, say:

Oh, how I love Jesus,

Oh, how I love Jesus,

Oh, how I love Jesus,

Because He first loved me.

I’ll never…(Raise your hands to Him now. That’s it.)…-sake Him,

I’ll never forsake Him,

I’ll never forsake Him,

Because He first loved me.



164 Just think, He made that big revelation known to us. Don’t we love Him? [Congregation says, “Amen.”—Ed.] Isn’t He wonderful? [“Amen.”] How thankful we are for our Lord Jesus; never forsake us. “Lo, I am with thee always, even to…” Are you enjoying The Seventy Weeks Of Daniel? [“Amen.”] Oh, don’t we love Him? How does it do?
    

61-0730M -  Gabriel's Instructions To Daniel
    Rev. William Marrion Branham","FRlS8UtaYuA.mp3"
"20","IjxWPNjAG10","Wonderful, Jesus is to me","Wonderful, Jesus is to me ( song 169 ) - William Marion Branham","Eliya Lemigio","170","https://www.youtube.com/watch?v=IjxWPNjAG10","Oh, wonderful, wonderful, Jesus is to me, (What is He?)

Counsellor, the Prince of Peace, the Mighty God is He;

Oh, saving me, keeping me from all sin and shame,

Wonderful is my Redeemer, praise His Name!

Let’s just bow our heads now and think of it.

I once was lost, but now I’m found, I’m free from condemnation, (Nations are breaking; don’t matter.)

Jesus gives liberty and a full salvation;

He is saving me, He is keeping me from all sin and shame,

Wonderful is my Redeemer, praise His Name.

Oh, wonderful, wonderful, Jesus is to me,

Counsellor, the Prince of Peace, Mighty God is He;

Saving me, keeping me from all sin and shame,

Wonderful is my Redeemer, praise His Name!

Oh, think of it!

I once was lost, now I’m found, I’m free from condemnation,

Jesus gives liberty and a full salvation;

Saving me, (what does He do?) keeping me from all sin and shame, (riding above it)

Oh, wonderful is my Redeemer, praise His Name.

Now together!

Oh, wonderful, wonderful, Jesus is to me,

Counsellor, the Prince of Peace, Mighty God is He;

Why, saving me, keeping me from all sin and shame,

Wonderful is my Redeemer, praise His Name.

   

61-0730M - Gabriel's Instructions To Daniel
    Rev. William Marrion Branham","IjxWPNjAG10.mp3"
"21","f-2kmabf9go","The haven of rest","The Haven of rest ( song 88 ) - by Rev. William Marion Branham","Eliya Lemigio","197","https://www.youtube.com/watch?v=f-2kmabf9go","I’m going to sing just a verse or two of this song, 

“I’ve anchored my soul.” 

And I want everyone prayerfully praying, 

while we see if those who are seeking God longs to come down and pray. 

Anchored my soul in a haven of rest, 

I’ll sail the wild sea no more; 

The tempest may sweep o’er the wild, stormy deep, 

In Jesus I’m safe evermore. 

I’ve anchored my… 

As the Holy Spirit will, lead right down to the altar now for prayer. 

…sail the wild sea…

(Come, the backslider.) 

The tempest may sweep o’er the wild, stormy deep, 

In Jesus I’m safe evermore.
 
(from) 
58-1002 -  But From The Beginning It Was Not So
    Rev. William Marrion Branham

“I’ll never hear them rippling cataracts to send my soul away, 

but It’ll speak sweet peace to my soul.” 

Quietly now, reverently, everyone. 

I’ve anchored my soul in a haven of rest, 

I’ll sail the wild sea no more; 

The tempest may sweep o’er the wild, stormy deep, 

In Jesus I’m safe evermore. 

I’ve anchored my soul in the haven of rest, 

I’ll sail the wild sea no more; 

The tempest may sweep o’er the wild, stormy deep, 

In Jesus I’m safe evermore.
    
(from) 
60-1204E -  The Patmos Vision
    Rev. William Marrion Branham","f-2kmabf9go.mp3"
"22","Py-Tbiv6E6Q","Lord, I'm coming home","Lord I'm coming home ( song 209 ) - by William Marion Branham","Eliya Lemigio","228","https://www.youtube.com/watch?v=Py-Tbiv6E6Q","Song from 

61-0723M -  The Ever-Present Water From The Rock
    Rev. William Marrion Branham

Paragraphs 
204,
205,
211","Py-Tbiv6E6Q.mp3"
"23","KH7Xx8FAM5w","Peace, wonderful peace","Peace, Wonderful peace (song 171) - by Rev. William Marion Branham","Eliya Lemigio","105","https://www.youtube.com/watch?v=KH7Xx8FAM5w","250 That’s right, Gertie. Let’s sing that. “Peace! Peace!” 

Peace! Wonderful peace, 

Coming down from the Father above; 

Sweep over my spirit forever, I pray, 

In the fathomless billows of love. 

251 Want you to do something now. Ever who is sitting right next to you, shake hands with them, say, “God bless you, brother, sister. Want to meet you in Heaven.” 

[Brother Branham and congregation shake hands as the pianist plays one verse of Wonderful Peace—Ed.] 

Peace! Peace! wonderful peace, 

Coming down from the Father above; 

Sweep over my spirit forever, (Oh, my!)

 In the fathomless billows of love.
    
57-0407M -  God Keeps His Word
    Rev. William Marrion Branham","KH7Xx8FAM5w.mp3"
"24","KH7Xx8FAM5w","Peace, wonderful peace","Peace, Wonderful peace (song 171) - by Rev. William Marion Branham","Eliya Lemigio","105","https://www.youtube.com/watch?v=KH7Xx8FAM5w","250 That’s right, Gertie. Let’s sing that. “Peace! Peace!” 

Peace! Wonderful peace, 

Coming down from the Father above; 

Sweep over my spirit forever, I pray, 

In the fathomless billows of love. 

251 Want you to do something now. Ever who is sitting right next to you, shake hands with them, say, “God bless you, brother, sister. Want to meet you in Heaven.” 

[Brother Branham and congregation shake hands as the pianist plays one verse of Wonderful Peace—Ed.] 

Peace! Peace! wonderful peace, 

Coming down from the Father above; 

Sweep over my spirit forever, (Oh, my!)

 In the fathomless billows of love.
    
57-0407M -  God Keeps His Word
    Rev. William Marrion Branham","KH7Xx8FAM5w.mp3"
"25","CNhNxmNsuzw","Our Lord's return to earth again","Our Lord's return to earth again ( song 98 ) - Rev. William Marion Branham","Eliya Lemigio","200","https://www.youtube.com/watch?v=CNhNxmNsuzw","We’re watching for the coming of that glad millennium Day,

When our blessed Lord shall come and catch His waiting Bride away;

Oh, the earth is groaning, crying for that day of sweet release,

When our Saviour shall come back to earth again.

Oh, our Lord is coming back to earth again,

Yes, our Lord is coming back to earth again,

Oh, Satan will be bound a thousand years, we’ll have no tempter then,

After Jesus shall come back to earth again.

How many is ready? Raise your hand. Oh, my!

Oh, our Lord is coming back to earth again,

Let’s just stand and shake hands with one another.

Our Lord is coming back to earth again,

Oh, Satan will be bound a thousand years, we’ll have no tempter then,

After Jesus shall come back to earth again.

Oh, our Lord is coming back to earth again,

Yes, our Lord is coming back to earth again,

Oh, Satan will be bound a thousand years, we’ll have no tempter then,

After Jesus shall come back to earth again.

Jesus’ coming back will be the answer to earth’s sorrow and cry,

For the knowledge of the Lord shall fill the earth, the sea and sky;

God shall take away all sickness and the suffering tears will dry,

After Jesus shall come back to earth again.

Oh, our Lord is coming back to earth again,

Yes, our Lord is coming back to earth again,

Oh, Satan will be bound a thousand years, we’ll have no tempter then,

After Jesus shall come back to earth again.



230 Oh, my! Don’t you feel good? [Congregation says, “Amen! Hallelujah!”—Ed.] Think, friends, this is pentecost, worship! This is pentecost. Let’s clap our hands and sing it. Pentecostal people, everybody, now loosen up, get that old Methodist formality out of you now. Come on, let’s sing it!

Oh, our Lord is coming back to earth again,

Yes, our Lord is coming back to earth again,

Satan will be bound a thousand years, we’ll have no tempter then,

After Jesus shall come back to earth again.

Oh, our Lord is coming back to earth again, (The Bible says so!)

Our Lord is coming back to earth again,

Satan will be bound a thousand years, we’ll have no tempter then,

After Jesus shall come back to earth again.

Do you love Him? [Congregation says, “Amen.”—Ed.]
    

61-0806 -  The Seventieth Week Of Daniel
    Rev. William Marrion Branham","CNhNxmNsuzw.mp3"
"26","j0lStl4Y7QI","Oh, I want to see him","Oh, I want to see him, Look upon His face ( song 08 ) - Bro. William Marion Branham","Eliya Lemigio","92","https://www.youtube.com/watch?v=j0lStl4Y7QI","Oh, I want to see Him, I want to look upon His face,

There to sing forever of His saving grace;

On the streets of Glory let me lift my voice;

When cares all past, home at last, ever to rejoice.

As I travel through this land, singing as I go,

Pointing souls to Calvary, to Thy crimson flow,

Oh, many arrows pierce my soul from without, within;

But my Lord leads me on to Him, I must win.

Oh, I want to see Him, look upon His face,

There to sing forever of His saving grace;

On the streets of Glory let me lift my voice;

Cares all past, home at last, ever to rejoice.



168 Oh, I want to sing, some of these days. I believe the Lord is going to let me sing, some of these days. Yes. When I get across the River, that’s right, when I cross the other side. Maybe not on this side. 
    
54-1219E -  Acts Of The Holy Spirit
    Rev. William Marrion Branham","j0lStl4Y7QI.mp3"
"27","VmvHqlFHG8c","Nothing between","Nothing Between ( song 203 ) -Bro. William Marion Branham","Eliya Lemigio","113","https://www.youtube.com/watch?v=VmvHqlFHG8c","There’s nothing between my soul and the Saviour,

Naught of this world’s delusive dream;

I have renounced all sinful pleasure,

Jesus is mine, there’s nothing between. (Oh, my!)

…between my soul and the Saviour,

Naught of this world’s delusive dream;

I have renounced all sinful pleasure,

Jesus is mine, there’s nothing between.

169 How many can sing that tonight, as a testimony with their hand up?

Nothing between my soul and the Saviour,

Naught of this world’s delusive dream;

I have renounced all sinful pleasure,

Jesus is mine, there’s nothing between.



170 Doesn’t that make you feel wonderful? “He that heareth My Word, and believeth on Him that sent Me, has everlasting Life. Shall never come into condemnation, but has already passed from death unto Life.”
    
54-1219E -  Acts Of The Holy Spirit
    Rev. William Marrion Branham","VmvHqlFHG8c.mp3"
"28","-cWZafznRgc","Speak, my Lord","speak, my lord ( song 92 ) by Bro. William Marion Branham","Eliya Lemigio","339","https://www.youtube.com/watch?v=-cWZafznRgc","Speak, my Lord, speak, my Lord,

Speak, and I’ll be quick to answer Thee;

Speak, my Lord, speak, my Lord,

Speak, and I will answer, “Lord, send me.”



172 Listen here, brother.

There is millions now in sin and shame, are dying;

Oh, listen to their sad and bitter cry;

Hasten, brother, hasten to their rescue;

Now quickly answer, “Master, here am I.”

Oh, speak, my Lord, speak, my Lord,

Speak, and I’ll be quick to answer Thee;

Oh, speak, my Lord, speak, my Lord,

Speak, and I will answer, “Lord, send me.”

173 Let’s bow our heads. [Brother Branham begins humming Speak, My Lord—Ed.]

Making him as pure as pure can be,

When the voice of God said, “Who will go for us?”

Then he answered, “Master, here, send me.”

Do you want to be humble and cleansed?

Speak, my Lord, speak, my Lord,

Speak, and I’ll be quick to answer Thee;

Speak, my Lord, speak, my Lord,

Speak, and I will answer, “Lord, send me.”

The coal of Fire had touched the prophet,

Making him as pure as pure can be,

When the voice of God said, “Who will go for us?”

Then he answered, “Master, here, send me.”

195 Won’t you say the same thing? Then rise, raise up your hands.

Speak, my Lord, oh, speak, my Lord,

Speak, and I’ll be quick to answer Thee;

Speak, my Lord.

196 What’s He doing? Answer Him then, if He is speaking. If there’s a little doubt somewheres, you’re not sure now of this, don’t take no chance. “Lord, send me.”

Oh, speak, my Lord, (He is speaking. Come on.)…my Lord,

Speak, and I’ll be quick…



197 Now, folks, I’m not prone to fanaticism. I’m not prone to saying things wrong. I feel led when I say what I do.

…my Lord,

Speak, and I will answer…

198 You say, “What will the people say about it?” It’s what God is going to say about it, is it. “Send me.”

Speak, my Lord, (that’s right)

Speak, and I’ll be quick to answer Thee;

…my Lord, oh, speak, my Lord,

Speak, and I will answer, “Lord, send me.”

There’s millions now in sin and shame are dying;

Oh, listen to their sad and bitter cry;

Hasten, brother, hasten to their rescue;

Oh, quickly answer, “Master, here, send me.”
    
64-0215 -  Influences
Rev. William Marrion Branham","-cWZafznRgc.mp3"
"29","EAygjx-q5rg","Oh, that man from Galilee","Oh, That man from Galilee ( song 105 ) - Rev. William Marion Branham","Eliya Lemigio","213","https://www.youtube.com/watch?v=EAygjx-q5rg","Oh, I Love That Man Of Galilee! Give us a little chord on that. Yes, sir. You know it, Teddy? I forget now. Let’s see. Let’s see.

Oh, I love that Man from Galilee, from Galilee,

For He’s done so very much for me.

He’s forgiven all my sins, placed the Holy Ghost within;

Oh, I love, I love that Man of Galilee.

The publican went to pray in the temple there one day,

He cried, “O Lord, be merciful to me!”

He was forgiven of every sin, and a deep peace placed within;

He said, “Come, see this Man from Galilee.”

Oh, I love that Man from Galilee, from Galilee,

For He’s done so very much for me.

He’s forgiven all my sin, placed the Holy Ghost within.

Oh, I love, I love that Man of Galilee.

The lame was made to walk, the dumb was made to talk.

That power was spoken with love upon the sea.

The blind was made to see, I know it could only be

The power of that Man from Galilee.

Oh, I love that Man from Galilee, from Galilee,

For He’s done so very much for me.

He’s forgiven all my sin, placed that Holy Ghost within.

Oh, I love, I love that Man from Galilee.

Listen to this one.

The woman at the well, He all her sins did tell,

How five husbands she had at that time. (That’s Him.)

She was forgiven of every sin, and the deep peace came within;

Then she cried, “Come, see that Man from Galilee!”

Oh, I love that Man from Galilee, from Galilee,

For He’s done so very much for me.

He’s forgiven all my sin, placed the Holy Ghost within.

Oh, I love, I love that Man from Galilee.

I love Him. Don’t you? [Congregation says, “Amen.”—Ed.] All my heart! Don’t you? [“Amen.”] Isn’t He wonderful? [“Amen.”]

    61-0730M - Gabriel's Instructions To Daniel
    Rev. William Marrion Branham","EAygjx-q5rg.mp3"
"30","qdqqljLg6yk","Zion's hill","ZION'S HILL ( song 14 ) by Bro. William marrion Branham","Eliya Lemigio","167","https://www.youtube.com/watch?v=qdqqljLg6yk","141 Well, give us—give us, Sister Gertie, “There waits for me a glad tomorrow.”

…waits for me a glad tomorrow,

Where gates of pearl swing open wide,

And when I cross this veil of sorrow,

I’ll camp upon the other side.

Some day beyond the reach of mortal ken,

Some day, God only knows just where and when,

The wheels of mortal life shall all stand still, (What’ll happen then?)

Then I shall go to dwell on Zion’s hill.

Some day beyond the reach…(Think of it!)…mortal ken,

Some day, God only knows just where and when, (What’ll happen?)

The wheels of mortal life shall all stand still,

Then I shall go to dwell on Zion’s hill.

Swing low, sweet chariot,

O coming for to carry me Home;

Swing low, sweet chariot,

Coming for to carry me Home.
  
  57-0602 -  Life
    Rev. William Marrion Branham","qdqqljLg6yk.mp3"
"31","mM3IAa9kfwo","The great physician","THE GREAT PHYSICIAN ( Song 201 ) by Rev. William Marrion Branham","Eliya Lemigio","148","https://www.youtube.com/watch?v=mM3IAa9kfwo","Let’s sing if you will, “A Great Physician Now Is Near.” Oh, let’s everyone believe that He’s going to show Himself tonight, before the audience. If you’ll just give me a few minutes, and everybody be reverent now, just a few minutes now.

Oh Father, help me. Do Lord, speaking now, the hour is getting late. But I pray God that your Angel will anoint Thy servant like never before. Grant it Lord, that these next few minutes, grant there’ll be more healings done as ever been done here in the last revival that I had, Lord. Grant it, in Jesus’ Name, I pray.

The great Physician now is near,

The sympathizing Jesus,

He speaks the drooping heart to cheer,

Oh, hear the voice of Jesus.

Sweetest note in seraph song,

Sweetest Name on mortal tongue,

Sweetest carol sung,

Jesus, blessed Jesus.

[Brother Branham begins humming “The Great Physician.”—Ed.]

…carol ever…

[Brother Branham speaks inaudibly to someone—Ed.]…you say she was…?…God bless you…?…

    51-0502 -  The Angel Of The Lord
    Rev. William Marrion Branham","mM3IAa9kfwo.mp3"
"32","fuWnQD2XTZk","I'm bound for the promised land","I'M BOUND FOR THE PROMISED LAND ( song 200 ) by William Marrion Branham","Eliya Lemigio","172","https://www.youtube.com/watch?v=fuWnQD2XTZk","On Jordan’s stormy banks I stand,

And cast a wishful eye,

To Canaan’s fair and happy land,

Where my possessions lie.

Raise your hands now as you sing it.

I am bound for the promised land,

I am bound for the promised land;

Oh, who will come and go with me?

I am bound for the promised land.

All o’er those wide extended plains

Shines one eternal day;

Where God the Son forever reigns,

And scatters night away.

I’m bound for the promised land,

I am bound for the promised land;

Oh, who will come and go with me?

I am bound for the promised land.



61 We don’t want anything leading us. God the Son forever reigns and scatters all other disfellowships away. Oh, we want to meet Him. Don’t you want to see Him?

Now, you Oneness, Twoness, Threeness, Methodists, Baptists, Assemblies, and all of you, shake hands while we sing that; shake hands with one another and say, “God bless you, brother, I’m on my road to the promised land.”

I am bound for (Turn right around and shake hands.)…mised land,

I am bound for the promised land;

Oh, who will come and go with me?

I am bound for the promised land.



62 Oh, don’t it make you feel better? Let me show you. 
  

61-0316
The Church Choosing Law For Grace
 Rev. William Marrion Branham","fuWnQD2XTZk.mp3"
"33","2Tj9Iq9AlXU","Nothing but the blood","NOTHING BUT THE BLOOD (song 141) by Bro.William Marrion Branham","Eliya Lemigio","145","https://www.youtube.com/watch?v=2Tj9Iq9AlXU","304 He’s coming again. Would you want to be His foe or would you want to be His child? A angry God on that morning, nothing but the Blood of Jesus will He recognize. He’ll never…Your church membership will be nothing to Him. Nothing but the Blood! Oh, precious is that flow That makes me white as snow; Slowly. No other fount I know, Nothing but the blood of Jesus. What can wash away my sin? Nothing but the blood of Jesus; What can make me whole again? Nothing but the blood of Jesus. Oh, precious is the flow That makes me white as snow; No other fount I know, Nothing but the blood of Jesus. [Brother Branham begins humming the song—Ed.] Nothing but the blood of Jesus; This is all my righteousness, Nothing but the blood of Jesus. Is there another’s? Oh, precious is…(Nothing can stand, brother, sister. The world’s sinking, she’s gone!) …as snow; No other fount I know, Nothing but the blood of Jesus.
    
60-1211E -  The Laodicean Church Age
    Rev. William Marrion Branham","2Tj9Iq9AlXU.mp3"
"34","4MWgHq5JJhs","The meeting in the air","THE MEETING IN THE AIR (song 94) by Bro. William Marrion Branham","Eliya Lemigio","304","https://www.youtube.com/watch?v=4MWgHq5JJhs","Oh, well, there’s going to be a meeting in the air,

In the sweet, sweet by and by;

I’m going to meet you, meet you over There

In that Home beyond the sky;

Such singing you will hear, never heard by mortal ear,

It’ll be glorious, I do declare!

For God’s Own Son, be the leading One

At that meeting in the air.

Oh, there’s going to be a meeting in the air,

In the sweet, sweet by and by;

Going to meet you, meet you over There

In the Home beyond the sky;

Such singing you will hear, never heard by mortal ear,

It’ll be glorious, I do declare!

For God’s Own Son, be the leading One

At that meeting in the air.

You have heard of little Moses in the bulrush,

You have heard of fearless David and the sling;

You have heard the story told of dreaming Joseph,

And of Daniel and the lions you often sing.

Oh, there’s many, many others in the Bible,

And I long to meet them all, I do declare!

By and by the Lord will let us meet them

At that meeting in the air.

There is going to be a meeting in the air,

In the sweet, sweet by and by;

We’re going to meet you, greet you over There

In that Home beyond the sky;

Such singing you will hear, never heard by mortal ear,

Will be glorious, I do declare!

When God’s Own Son will be the leading One

At that meeting in the air.



217 Don’t you love it? [Congregation says, “Amen.”—Ed.] My! There’s One I want to meet, above all, that’s Jesus. Don’t you? [“Amen.”] Just makes you feel so rejoiced, so cleaned out, so pure. Don’t you just feel that way? Just like you was all scoured out! Just love Him!

…meeting in the air,

In the sweet, sweet by and by;

Going to meet you, and greet over There,

In that Home beyond…

…will hear, never heard by mortal ear,

It’ll be glorious, I do declare!

And God’s Own Son will be the leading One

At that meeting in the air.

Don’t you love it? [Congregation says, “Amen.”—Ed.] Oh, my!

You have heard of little Moses in the bulrush,

And you have heard of fearless David and his sling;

You’ve heard the story told of dreaming Joseph,

And of Daniel and the lions you often sing.

Oh, there’s many, many others in the Bible,

And I long to meet them all, I do declare!

By and by the Lord will let us meet them

At that meeting in the air.

And, oh, well, there’s going to be meeting in the air,

Sweet, sweet by and by;

Going to meet you, greet you over There

In that Home beyond the sky;

Such singing ever heard, heard by mortal ear,

Will be glorious, I do declare!

And God’s Own Son will be the leading One

At that meeting in the air.



218 My! I just want to be There. Don’t you? [Congregation says, “Amen.”—Ed.] How many says, “By God’s grace I want to be There. By Your grace”? [“Amen.”] Praise the Lord.


54-1231 -  Everlasting Life And How To Receive It
    Rev. William Marrion Branham","4MWgHq5JJhs.mp3"
"35","aJZ4IrX1GOo","God leads us along","GOD LEADS US ALONG (song 44) by Bro. William Marrion Branham","Eliya Lemigio","354","https://www.youtube.com/watch?v=aJZ4IrX1GOo","194 Now come. You’re invited to walk to the altar now. Kneel down here before the Christ of God. Don’t notice the little humble tabernacle. Notice Who is in here, this morning, our blessed Saviour. Would you come? You’re invited. The Lord Jesus waits for you to come, for every (cleansing) spirit to go from your heart.

…His dear children along;

Some through the water, some through the flood,

Some through the fire, but all through the Blood;

Some through great sorrow, but God gives a song,

Walk up, this morning, kneel down in His Presence.

God leads His dear children along;

Sometimes in the valley in the darkest of night,

God leads His dear children along.

Some through the water, some through the flood,

Some through deep trial, but all through the Blood;

Some through great sorrow, but God gives a song,

In the night season and all the day long.

Some through the water, some through the flood,

Some through deep trial, but all through the Blood;

Some through great sorrow, but God gives a song,

In the night season and all the day long.

Though sorrow befall us, and Satan oppose,

God leads His dear children along;

Through grace we can conquer…?…

God leads His dear children along.

Won’t you let Him lead you?

Some through the water, some through the flood,

Some through the fire, but all through the Blood;

Some through great sorrow, but God gives a song,

In the night season and all the day long.



195 Now you’re invited, as we’re singing; if God is knocking at your heart, to let you open up your heart, to see His Presence, to enjoy the blessings of Him being your Lord, your ruler. Won’t you just forget that you’re in this little old tabernacle? And come up here to the Throne of His grace, and kneel down with these other weeping people, and open up your heart, so that He can open your understanding, that you will be His child and serve Him. Once more we sing, the last verse of this song. You’re invited. Now come.

Away from the mire, and away from the clay,

God leads His dear children along;

Away up in glory, Eternity’s day,

God leads His dear children along.

Some through the water, some through the flood,

Some through deep trial, but all through the Blood;

…but God gives a song,

In the night season and all the day long. (Softly.)

Some through the water, some through the flood,

Some through fire, but all through the Blood;

Some through great sorrow, (Don’t you understand?)…a song,

In the night season and all the day long.



196 Reverently we bow our heads now in the Presence of the great King of glory, the great Prince of peace. 
    
57-1208 -  I Stand At The Door And Knock
    Rev. William Marrion Branham","aJZ4IrX1GOo.mp3"
"36","xGDhLDRu8Ms","One of them","ONE OF THEM ( song 151 ) by Bro William Marrion Branham","Eliya Lemigio","177","https://www.youtube.com/watch?v=xGDhLDRu8Ms","There are people almost everywhere,

Whose hearts are all on flame

With the fire that fell on Pentecost,

That cleansed and made them clean;

Oh, it’s burning now within my heart,

Oh glory to His name!

I’m so glad that I can say I’m one of them,

I’m one of them, one of them,

I’m so glad that I can say I’m one of them; (Hallelujah)

One of them, one of them,

I’m so glad that I can say I’m one of them.

Though these people may not learn to be,

Or boast of worldly fame,

They have all received their Pentecost,

Through faith in Jesus’ Name;

And are telling now, both far and wide,

His power is yet the same,

I’m so glad that I can say I’m one of them.

I’m one of them, one of them,

I’m…that I can say I’m one of them; (Hallelujah)

One of them, one of them,

I’m so glad that I can say I’m one of them.

Come, my brother, seek this blessing

That will cleanse your heart from sin,

That will start the joy bells ringing

And will keep your soul on flame;

Oh, it’s burning now within my heart,

All glory to His name,

I’m so glad that I can say I’m one of them.

(All together!)

One of them, one of them,

I’m so glad that I can say I’m one of them; (Hallelujah)

One of them, one of them,

I’m so glad that I can say I’m one of them.

59 Aren’t you happy about it? I’m so glad that I’m one of them. Now, just shake hands with somebody setting next to you, say, “I’m one of them.” Just turn around, shake hands, say, “I’m one of them.” Hallelujah.

Oh, one of them, one of them,

I’m so glad that I can say I’m one of them; (Hallelujah)

One of them, one of them,

I’m so glad that I can say I’m one of them.

I’m one of them, one of them,

I’m so glad I can say I’m one of them; (Hallelujah)

One of them, one of them,

I’m so glad that I can say I’m one of them.

60 I’d rather be an old-time Christian than anything I know. 

    60-0722 - Watchman, What Of The Night?
    Rev. William Marrion Branham","xGDhLDRu8Ms.mp3"
"37","8HM0ziYv2-4","I won't cross alone","I WON'T CROSS ALONE (song 178) by Bro William Marrion Branham","Eliya Lemigio","227","https://www.youtube.com/watch?v=8HM0ziYv2-4","Someday we’ll come to the river at the closing of time,

When the last thoughts of sorrow has gone;

There’ll be somebody waiting that’ll show us the way,

I won’t have to cross Jordan alone.

There’ll be One, somebody waiting that’ll show me the way,

I won’t have to cross Jordan…

654 All that’s got that hope, raise your hand up now as you raise your head.

I won’t have…

Now just worship Him. The message is over. Aren’t you happy? God swore He wouldn’t…God swore He would meet you there.

Jesus died all my sins to atone;

When the darkness I…

What do you say? The stinger is gone.

He will be waiting for me,

I won’t have to cross Jordan alone.

Times I’m forsaken, and weary…

Just worship Him now.

Seems that my friends have all gone;

Did you ever hit that place?

But there’s one thought that cheers me.

What was the promise?

Makes my heart glad,

I won’t have to cross Jordan…

655 Now, children of the promise, just worship Him for doing it.

I won’t have to cross Jordan alone,

Jesus died all my sins to atone;

What happens now?

When the darkness I see, He will be waiting for me,

I won’t have to cross Jordan alone.

“When I come to the river…” Every one of you is coming. There’s a big, dark shadow setting there before you. It’s a big door. You’re going in there, one of these days, maybe before the day is over, maybe before church closes this morning. You’re going in there. Every time that heart beats, you’re one step closer.

But when the darkness I see, He will be waiting there,

He said He would. He swore He would.

Then I won’t have to cross Jordan alone.

656 O Blessed Lord, our hearts are full, this morning, to the running over.

    57-0915M - Hebrews, Chapter Six #3
    Rev. William Marrion Branham","8HM0ziYv2-4.mp3"
"38","Q5SiuKz4bMI","The love of God","THE LOVE OF GOD (song 93) by Rev. William Marrion Branham","Eliya Lemigio","115","https://www.youtube.com/watch?v=Q5SiuKz4bMI","649 Just a moment now.

If we with ink the ocean fill,

And were the sky of parchment made;

Were every stalk on earth a quill,

And every man a scribe by trade;

To write the love of God above

Would drain the ocean dry;

Or could the scroll contain the whole,

Though stretched from sky to sky.

Oh, love of God, how rich and pure!

How fathomless and strong!

It shall for evermore endure,

The saints and Angels song.

    57-0915M - Hebrews, Chapter Six #3
    Rev. William Marrion Branham","Q5SiuKz4bMI.mp3"
"39","3NB47dBlCiM","Almost persuaded","ALMOST PERSUADED - song 148 - Rev William Marrion Branham","Eliya Lemigio","117","https://www.youtube.com/watch?v=3NB47dBlCiM","“Almost persuaded” now to believe;

“Almost persuaded” Christ to receive;

Seems now some soul to say, “Go, Spirit, go Thy way,

Some more convenient day on Thee I’ll call.”

“Almost persuaded,”

(Just make your places right around here to stand, as penitent people who comes to receive Christ, “Whosoever will is come, Catholic, Protestant. Here stands Catholic and Protestant. Makes no difference. We’re not asking you to change your churches. We’re asking you, in the presence of God, as His servant, and you bear record of these things…)

Seems now some soul to say, (Don’t sin away your…?…day of grace.)…“go Thy way,

Some more convenient day on Thee I’ll call.”

68 Let us bow our heads now, reverently in prayer. 

    58-0508 - The Expectations
    Rev. William Marrion Branham","3NB47dBlCiM.mp3"
"40","Q79GODaEBeg","The homecoming week","THE HOMECOMING WEEK - song 153 by  Bro.William Marrion Branham","Eliya Lemigio","186","https://www.youtube.com/watch?v=Q79GODaEBeg","The precious Blood of God’s own Son,

Has saved and sanctified

A wondrous people for His Name,

And they are called His Bride. 

(Amen.)

Though here neglected and despised,

One day the Lord will bring

His chosen ones within the gate,

And that’s worth everything.

All together now.

When we’re inside the gates of pearl,

We’ll learn a lot of thing,

We’ll have a harp that’s made of gold,

Perhaps a thousand string;

We’ll sing and shout and dance about,

The Lamb will dry our tears;

We’ll have one grand homecoming week,

The first ten thousand year.

Let’s shake hands while we sing that.

The precious Blood of God’s own Son,

Has saved and sanctified

A wondrous people for His Name,

And they are called His Bride.

Though here neglected and despised,

One day our Lord will bring

His loved one within the gate,

And that’s worth every-…

Now lets slip up our hands to Him.

When we’re inside the gates of pearl,

We’ll learn a lot of things,

We’ll have a harp that’s made of gold,

Perhaps a thousand strings;

We’ll sing and shout and dance about,

The Lamb will dry our tears;

We’ll have one grand homecoming week,

The first ten thousand year.

    60-1113 - Condemnation By Representation
    Rev. William Marrion Branham","Q79GODaEBeg.mp3"
"41","Y38ViLr_Ros","Some golden daybreak","SOME GOLDEN DAY BREAK - song 49 - by Rev. William Marrion Branham","Eliya Lemigio","164","https://www.youtube.com/watch?v=Y38ViLr_Ros","109 Now real quietly, with your heads bowed, softly humming it.

Some golden daybreak, Jesus will come;

Some golden daybreak, battles all won,

We’ll shout the victory, break through the blue,

Some golden daybreak, for me, for you.

110 [Brother Branham begins humming Some Golden Daybreak—Ed.] Now, you that raised your hands, if you so desire my prayers for you, and believe that God would hear me, you want to walk up here to the altar, let me stand here and pray with you, a little. Altar is open. God bless you, brother. That’s right. God bless you, men. God bless you, sister. Stand right up and come up. If you believe God will help, and hear prayer, for me to help you to come through to Him, to know Him, walk right up now. Won’t you?

Some golden daybreak, Jesus…

111 How do we know it won’t be in the morning?

Battle…

That battle you’re fighting right now, won’t you let it be won right now, then? Let it be won right now, so you can shout the victory.

Some golden daybreak, for me, for you.

Some golden daybreak, Jesus…

112 Just get right up, that’s right, and make your way right up, around.

…battles all won,

We’ll shout the victory, break through the blue,

Some golden day…

113 Won’t you come now, while we’re waiting? 

    58-1001 - Lifting Him Up Out Of History
    Rev. William Marrion Branham","Y38ViLr_Ros.mp3"
"42","RetUlvN1gNM","Where he leads me","WHERE HE LEADS ME - Song 168 - Rev. William Marrion Branham","Eliya Lemigio","301","https://www.youtube.com/watch?v=RetUlvN1gNM","With our heads bowed, and our hearts.

I can hear my Saviour…

Sincerely, friend. It may be your last time. Can you hear that little Voice?

…calling,

I can…

What’s He call…What’s calling you, if your Saviour is? The Word.

…Saviour calling,

What must you do? Deny the world.

And take my cross and follow, follow…

“I’ve neglected baptism in Jesus’ Name, Lord.”

I’ll go with Him through the garden,

I’ll go…

With Him, where? Through the water, through the garden, through anywhere; house of prayer, in the pool, anywhere. Decide it!

…go with Him through the garden,

I’ll go with Him, with Him all the way.

I’ll go with Him through the judgment (whether the Word is right or the church is right),

I’ll…

“Whether I’m right, or He is right. Is my conscience right, or is His Word right?” You’re in the judgment place now. “What I have believed, is it right, or is His Word right? Do I think it’s all right to have short hair, wear shorts? Do I think it’s all right to belong to a denomination?” What did He say?

I’ll go with Him, with Him all the way.

Now where He leads me I will follow,

I got my hands up, too, Lord. Lord, wherever it is, where is the next Message to be preached? Is it back here, tonight, over in Africa, Germany, Switzerland? Where is it, Lord?

Where He…(wherever You lead, Lord)…me I will follow,

I’ll go with Him, with Him all the way.

Now with your heads bowing.

230 Will you go with Him everywhere He leads you? Will you go with Him when the times are running low, people are persecuting, laughing, making fun? “I’ll still be with Him. I’ll still go. I’ll move right on with You, Lord, wherever You are. I’ll still stand loyal and true. In the heat of the battle, I’ll still stand loyal and true. If I fall, You’ll raise me up again, Lord. ‘He that loses his life for My sake shall find it.’”

So I’ll go with Him, with Him all…

231 Now all that mean that, from your heart, let’s raise our hands now, and our hearts, to Him.

I…Where He leads me I will follow,

Where He leads me I will follow,

Where He leads me I will follow,

I’ll go with Him, with Him all the way.

He will give me grace and glory,

He will give me…

Lord Jesus, breathe upon these handkerchiefs now. Heal these sick and afflicted, Lord. Grant it, Lord. Give them healing, Lord, in Jesus’ Name.

And go with me, with me all the way.

232 You feel good now? [Congregation says, “Amen.”—Ed.] Feel it’s all ready now? [“Amen.”] If He…

    64-0726M - Recognizing Your Day And Its Message
    Rev. William Marrion Branham","RetUlvN1gNM.mp3"
"43","Xr4F1dY9WJE","When the roll is called","WHEN THE ROLL IS CALLED ( Song 87 ) by William Marrion Branham","Eliya Lemigio","203","https://www.youtube.com/watch?v=Xr4F1dY9WJE","Let’s sing it, all of us now. “When the Trumpet of the Lord shall sound.” Give us the key.

When the Trumpet of the Lord shall sound, and time shall be no more,

And the morning breaks Eternal, bright and fair;

When the saved of earth shall gather over on the other shore,

When the roll is called up yonder, I’ll be there.

When the roll is called up yonder,

When the roll is called up yonder,

When the roll is called up yonder,

When the roll is called up yonder, I’ll be there.

On that bright and cloudless morning when the dead in Christ shall rise,

And the glory of His resurrection share;

When then all of life is over, and our work on earth is done,

And the roll is called up yonder, I’ll be there.

When the roll is called up yonder,

When the roll is called up yonder,

When the roll is called up yonder,

When the roll is called up yonder, I’ll be there.

233 Let’s raise our hands, say, “By Thy grace, Lord.” By Thy grace, Lord! [Congregation says, “By Thy grace, Lord.”—Ed.]

Now, we are brothers and sisters in Christ. Let’s just turn and just shake hands with somebody by you, and say, “By God’s help, when the roll is called up yonder!”

When the roll is called up yonder,

When the roll is called up yonder,

When the roll is called up yonder,

When the roll is called up yonder, I’ll be there.

What are we waiting for?

When that Trumpet (the last one)…the Lord shall sound, and time shall be no…

(Done broke into Eternity, “In a moment, in a twinkling of an eye.”)…and fair;

And then when the saved of earth shall gather to on the other shore,

When the roll is called up yonder, I’ll be there.

Let’s just sing it out!

When the roll is called up yonder,

When the roll is called up yonder,

When the roll is called up yonder,

When the roll is called up yonder, I’ll be there.

234 Oh, won’t that be a time! Just walking along, someday, and here’s appears somebody. 

    64-0726M - Recognizing Your Day And Its Message
    Rev. William Marrion Branham","Xr4F1dY9WJE.mp3"
"44","9JRWKCY5lqw","The lifeboat","THE LIFE BOAT ( song 116 ) by Bro William Marrion Branham","Eliya Lemigio","126","https://www.youtube.com/watch?v=9JRWKCY5lqw","161 And now let those who are coming now, come through for prayer, let them through, just if you can, right through here.

…-ness will turn to brightest day.

Then let us all take courage,

For we’re not left alone;

The lifeboat soon is coming

To gather the Jewels home.

Then cheer, my brother, cheer, (Oh, cheer!)

Our trials will soon be o’er,

Our loved ones we shall meet, shall meet,

Upon the golden shore.

We’re pilgrims and we’re strangers here,

We’re seeking a city to come,

The lifeboat soon is coming,

To gather the Jewels Home.

The lifeboat soon is coming,

By eyes of faith I see

As she sweeps through the water

To rescue you and me,

And land us safely in the port

With friends we love so dear.

“Get ready,” cries the Captain;

Oh, look, she’s almost here.

162 Watch the atomic bombs, you can tell she’s due in here.

Oh, cheer,

Our trials will soon be o’er,

Our loved ones we shall meet, shall meet,

Upon the golden shore.

We’re pilgrims and we’re strangers here,

We’re seeking a city to come,

The lifeboat soon is coming,

To gather the Jewels Home.

163 Now, friends, these ministers will gather up around now, close around here. 

    58-1002 - But From The Beginning It Was Not So
    Rev. William Marrion Branham","9JRWKCY5lqw.mp3"
"45","ENhFSArGG3s","Come and dine","COME AND DINE - song 43 by Bro William Marrion Branham","Eliya Lemigio","86","https://www.youtube.com/watch?v=ENhFSArGG3s","He’s the Word! Oh, my! Wonderful!

Soon the Lamb will take His Bride to be ever at His side,

All the host of Heaven will assembled be;

Oh, it will be a glorious sight, all of the saints in spotless white;

And with Jesus they shall feast Eternally.

Oh, “Come and dine,” the Master calleth, “Come and dine;”

Oh, you may feast at Jesus’ table all the time;

He that fed the multitude, turned the water into wine,

To the hungry calleth now, “Come and dine.”

Oh, “Come and dine,” the Master calleth, “Come and dine;” (Dine on the Word!)

You may feast at Jesus’ table all the time;

He that fed the multitude, turned the water into wine,

To the hungry calleth now, “Come and dine.”

349 Oh, my! Are you hungry? [Congregation rejoices—Ed.] “Blessed are they that hunger and thirst for righteousness.”

    63-0320 - The Third Seal
    Rev. William Marrion Branham","ENhFSArGG3s.mp3"
"46","lBEFW1kxsEI","The sun never goes down (I feel like traveling on)","THE SUN, NEVER GO DOWN ( I feel like traveling on ) - song 172 by Bro William Marrion Branham","Eliya Lemigio","106","https://www.youtube.com/watch?v=lBEFW1kxsEI","222 Some glorious day, we hope to see You, Lord, lay our hands upon the feet of the One that stands with us today, who we cannot see, but we know that He’s here. How we praise Him!

…down in that city,

The sun it will never go down;

The flowers are bloom forever,

And the sun it will never go down.

I feel like traveling on, I do,

I feel like traveling on;

The flowers are bloom forever,

And the sun, it will never go down.

How many feels that way? Raise up your hand.

Feel like shouting, sometimes I do,

I feel like shouting, I do;

The flowers are bloom forever,

And the sun, it will never go down.

I feel like traveling on, I do,

I feel like traveling on;

The flowers are bloom…?…

223 Thou art the One at the head of the boat, Lord. You know all about it. We ask for this blessing in Christ’s Name. Amen.

    56-0603 - The Lamb's Book Of Life
    Rev. William Marrion Branham","lBEFW1kxsEI.mp3"
"47","ypXGps8w0Pc","Softly and tenderly","SOFTLY AND TENDERLY ( Come Home, Come Home ) - song 179 by Bro William Marrion Branham","Eliya Lemigio","663","https://www.youtube.com/watch?v=ypXGps8w0Pc","188 If you desire to walk up to the altar for a word of prayer, while we sing this song:

Come home, come home,

Ye who are weary, come home;

189 If you’re uncertain about your conditions, I invite you to come, pray.

While we pray:

Softly and tenderly Jesus is calling,

Calling for you and for me,

See on the portals He’s waiting and watching,

Watching for you and for me.

Come…come home,

Ye who are weary, come home;

Earnestly, tenderly, Jesus is calling,

Calling, O sinner, come home!

Let us hum it now.

Why should we tarry…

[Brother Branham hums—Ed.]

190 One aged lady has come forward for prayer. Would there be somebody else like to walk up and pray awhile tonight?

Though we have sinned, He has mercy and pardon,

Pardon for you and for me.

Come…come home, come…

191 Would you little fellows just move down that way a little bit? Little ladies, come right in. Move down that way a little, son.

…who are weary, come home;

Earnestly, tenderly, Jesus is calling,

Calling, O sinner, come home!

Come home, come home,

Ye who are weary, come home;

Earnestly, tenderly, Jesus is calling,

Calling, O sinner, come…

192 What if you knew, tomorrow by this time, the nation would be blowed up? We’re living in an awful time. You can’t put hopes in nothing today, outside of Christ. And why would you risk, why would you risk that soul that God has purchased by the Blood of His Own Son? Why wouldn’t you give your life to Him? What could you lose? Everything’s to gain.

193 You say, “Well, I don’t believe in it.”

Well, the Bible said you’re a fool. Why would you…? The rich man didn’t believe that, in the Bible. When sun was going down, he was laughing and gay; when the sun come up, he was in hell. Why would you take a chance like that fellow? Why don’t you come on, give your life to Christ? Let…I’m not warning you. I’m not threatening you. I’m only laying facts to you. Except you’re borned again, you’ll miss it. What good has life been to you? Just like it’s all a bunch of disappointments. Why don’t you come find Something that’s Eternal? Get a hold of Something that’s real.

194 While we sing again, there’s three or four around here. Won’t you come, too, once more?

Earnestly, tenderly, Jesus is calling,

Calling, O sinner, come home!

Come…come…(It’s your soul. You may never feel that way about it again.)

Ye who are…-ry come home; (Hey, little boys, would you all come over here, come up here? Uh-huh.)

Earnestly, tend-…(Come here, son…?…)

…-sus is calling, O sinner, (Come right over here, son.) come home!

Come home…(Won’t you make your way up?)…home,

Ye who are weary, come home (Come right here, son. Come here, get in my chair…?…Sit in my chair…?…)

…-derly, Jesus is calling,

Calling, O sinner, come…

195 I want to ask you a question: Are you through with Him? Are you going to turn Him away? Are you going to say, like Pilate, “Bring me some water, I’ll wash my hands of this meeting”? You can’t do that. It’s on your hands. Not only is it on your hands, it’s on your heart. It’s on your conscience. You’ll have to live with it the rest of your life. Don’t try to wash it off. You’ll do like Pilate did: commit suicide someday, trying to get it off your hands. Don’t do it. Come, now.

196 One more time. And while we’re calling, let some men come, good Christian brothers, some of you ministers with these men. Some of you sisters that knows how to talk to people, come kneel down. Just pray with them, show them you’re interested in them, while we’re coming now.

Come home…home,

(Brother Neville, if you will, take the service.)

…weary, come home;

Earnestly, tenderly, Jesus…

Calling, O sinner, come home!

197 Let us all bow our heads now for prayer…?…Let’s bow our heads now, and pray.

Lord, we bring to You these penitent ones. May Your Spirit, Lord, catch fire in their hearts, giving unto them the deep desire, and more, that they might see Jesus Christ, their Saviour, Who has bled and died for them, to make them new creatures. Grant it, Lord.

198 We know the Scripture has given us the right of way to believe You. Knowing that these who come, You will in no wise cast out. You’ve made a promise. Your promises are true: “He that heareth My Word, and believeth on Him that sent Me, has Eternal Life, and shall never come to condemnation; but has passed from death unto life.”

199 Young and old, give them alike, Lord, of Thy Holy Spirit. Grant it, Lord. We ask it, in Jesus’ Name, and for His sake.

…home, come home,

Ye who are weary…home;

…-ly, tenderly, Jesus is call-…

Calling, O sinner, come home!

Everyone in prayer now, just a moment.

[Brother Branham hums—Ed.]

Let them confess their sin… 

    60-0911E - Five Definite Identifications Of The True Church Of The Living God
    Rev. William Marrion Branham","ypXGps8w0Pc.mp3"
"48","S_h9sdT947E","On the other shore","ON THE OTHER SHORE - song 65 by Bro William Marrion Branham","Eliya Lemigio","152","https://www.youtube.com/watch?v=S_h9sdT947E","I’ve got a Father over yonder,

I’ve got a Father over yonder,

I’ve got a Father over yonder,

On the other shore.

Oh, some bright day I’ll go and see Him,

Some bright day I’ll go and see Him,

Some bright day I’ll go and see Him,

On the other shore.

Oh, that bright day may be tomorrow,

That bright day may be tomorrow,

That bright day may be tomorrow,

On the other shore.

170 I wonder now, how many has got a father in the other Land? Let’s see your hand. How many has got a mother in the other Land? Let’s see your hand. How many has got a Saviour in the other Land? Let’s see your hand.

Won’t that be a happy meeting!

Won’t that be a happy meeting!

Won’t that be a happy meeting!

Upon the other…

171 I want you to do something. Now while we sing that again, I want you to shake hands with somebody standing by you, and say, “Brother, sister, pray for me, that I’ll meet you in the other Land.” Don’t do it ’less you mean it. How many wants to meet one another? How many wants to meet everybody here, over There? We, sure we do. Now let’s just shake one another’s hands, and say, “I want to meet you, brother. I want to meet you on the other side.” Now while we sing this, “I’ve got a Saviour over yonder.” All right.

I’ve got a Saviour over yonder,

I’ve got a Saviour over yonder,

I’ve got a Saviour over yonder,

Upon the other shore.

Oh, some bright day I’ll go and see Him,

Some bright day I’ll go and see Him,

Some bright day I’ll go and see Him,

On the other shore.

172 Don’t that make you feel good and fine? “Jesus, keep me near the cross.”

    55-0724 - Enticing Spirits
    Rev. William Marrion Branham","S_h9sdT947E.mp3"
"49","qv7Hvoc4-L4","It's dripping with blood","IT'S DRIPPING WITH BLOOD - Bro William Marrion Branham song 95","Eliya Lemigio","347","https://www.youtube.com/watch?v=qv7Hvoc4-L4","176 Now, isn’t that marvelous? Looks like we just can’t close. The Holy Spirit just gripping us! Don’t you feel that way? Just feels like…?…Just seems like it’s just coming out.

Gospel is dripping with blood,

The blood of disciples who died for the Truth,

This Holy Ghost Gospel is dripping with blood.

The first one to die for this Holy Ghost plan,

Was John the Baptist, but he died like a man;

Then came the Lord Jesus, they crucified Him,

He preached that the Spirit would save men from sin.

There’s Peter and Paul, and John the divine,

They gave up their lives so this Gospel could shine;

They mingled their blood, like the prophets of old,

So the true Word of God could honest be told.

Then they stoned Stephen, he preached against sin,

He made them so angry, they dashed his head in;

But he died in the Spirit, he gave up the ghost,

And went to join the others, that life-giving host.

It keeps dripping with blood, yes, It’s dripping with blood,

This Holy Ghost Gospel is dripping with blood,

The blood of disciples who died for the Truth,

This Holy Ghost Gospel keeps dripping with blood.

Listen!

There’s souls under the altar, they’re crying, “How long?”

For the Lord to punish those who’ve done wrong;

But there’s going to be more who will give their life’s blood

For this Holy Ghost Gospel with Its crimson flood.

Just keeps dripping with blood, hallelujah, It’s dripping with blood,

I want to be one of them.

Holy Ghost Gospel, It’s dripping with blood,

The blood of disciples who died for the Truth,

This Holy Ghost Gospel is dripping with blood.

177 I’d like to go right from the pulpit. Amen. Oh, how wonderful! My brethren give their life’s blood. There’s going to be more will do the same thing. Don’t worry. It’s coming down to a showdown pretty soon. You’ll either go in or go out. They’re all affiliating now in the Council of Churches, and all is going in. They’re all conglomerating together.

And there’s going to be more who will give their life’s blood,

For this Holy Ghost Gospel and Its cleansing flood.

It’s dripping with blood, yes, It’s dripping, (Oh, hallelujah!)

This Holy Ghost Gospel is dripping with blood,

The blood of disciples who died for the Truth,

This Holy Ghost Gospel, It’s dripping with blood.

178 My! I feel like the Rapture is just above the church. Oh, just makes me feel so good! All sins are under the Blood. See, the Holy Spirit likes the Word. The Word is what the Holy Spirit feeds on, you see. Oh, my! It comes down and gets among the people, cleanses their sins, takes away their sickness, takes their blues away. Now I’m drunk, just drunk as I can be, drunk on the Spirit, love drawing out of my heart. No matter what anybody had ever done, it’s forgiven. Your bitterest enemy, it’s all over. Anybody has ever talked or said anything, if I…well, I…which is all gone, all cleansed now.

And It’s dripping with blood, yes, It’s dripping with blood,

The Holy Ghost Gospel is dripping with blood,

The blood of disciples who died for the Truth,

This Holy Ghost Gospel…

    55-0724 - Enticing Spirits
    Rev. William Marrion Branham","qv7Hvoc4-L4.mp3"
"50","uihVCm1lPNI","I will praise him","I WILL PRAISE HIM -  Rev William Marrion Branham song 196","Eliya Lemigio","187","https://www.youtube.com/watch?v=uihVCm1lPNI","Knocking, open the doors, all in…Hallelujah. Blessed be the Name of the Lord. How we love Him. Praise Him. Let’s raise up our hands now. Praise Him. Give Him praise, every one of you. Thank You, Jesus. Blessed be the Name of the Lord. Praise be to God. Just praise Him in your own way. Raise up your hands; praise Him, praise Him. Give Him glory.

…will praise Him,

Praise the Lamb for sinners slain;

Give Him glory all ye people,

For His blood has washed away each stain.

I will praise Him, (Sing it.) I will praise…

Have you a need of God? Come forward. Want to repent of your sins? Want to receive the Holy Ghost? Come forward if you have need. Come forward.

…slain;

Give Him glory all ye people,

For His blood has washed away each stain.

I will praise Him, (God bless you. That’s right. Come right on out. Come.)

…praise Him.

Praise the Lamb for sinners slain; (Knocking at the door now. Come on, open up.)

Give Him (That’s right. That’s right, young folks.), ye people,

For His blood has washed away…

63 God bless you, young lady. God bless you. God bless you. That’s good. Keep coming right on now. He’s knocking at your door. Come right on out. If you have a need, come right on. Look here, a whole family’s coming. That’s good.

I will praise Him,

Praise the Lamb for sinners slain;

Give Him glory all ye people,

For His blood has washed away each stain.

Won’t you come on now? Gather with them around the altar. Come around now. Whosoever will, let him come that he might drink from the fountain of the Lord. 

    59-1128 - Door To The Heart
    Rev. William Marrion Branham","uihVCm1lPNI.mp3"
"51","djQ6TCLkNS0","Wear a crown","WEAR A CROWN - (song 12) by Bro William Marrion Branham","Eliya Lemigio","150","https://www.youtube.com/watch?v=djQ6TCLkNS0","151 That’s wonderful. Now, everyone turn, looking this way. Everybody now, look this way. Raise up your hands.

Give us When The Battle’s Over.

Everybody now.

When the battle’s over, we shall wear the crown!

Yes, we shall wear the crown! Yes, we shall wear the crown!

And when the battle’s over, we shall wear the crown!

In the new Jerusa-…(All of you’s got a handkerchief, now, take it out.)

…crown, wear a crown

Wear a bright and shiny crown. (All right, up with it now.)

And when the battle’s over, we shall wear the crown

In the new Jerusalem.

Must Jesus bear the cross alone,

And all the world go free?

No, there’s a cross for everyone,

And there’s a cross for me. (All right, now.)

And when the battle’s over we shall wear the crown!

Yes, we shall wear the crown! Yes, we shall wear the crown!

And when the battle’s over, we shall wear the crown.

In the new Jerusa-…

152 I want all of you…Does anybody here know what the word, the Hebrew word, Hallelujah means? It’s in every language in the world, the same. In the Hottentots in Africa, through all languages, it’s…the translation is the same. Hallelujah means “Praise our God.” Now, let’s all say “Hallelujah” to God, “Hallelujah!” Let’s say it again, “Hallelujah!” And now, again, “Hallelujah!” Now in English, “Praise our God.” Amen. Now, bow your heads just a moment.

    58-0130 - The Handwriting On The Wall
    Rev. William Marrion Branham","djQ6TCLkNS0.mp3"
"52","6AZ3lzd7uGU","The old rugged cross","THE OLD RUGGED CROSS - Song 167 - by Bro William Marrion Branham","Eliya Lemigio","239","https://www.youtube.com/watch?v=6AZ3lzd7uGU","Thy emblem of suff’ring and shame,

And I love that old cross where the Dearest and Best,

For a world of lost sinners was slain.

So I will cherish the old rugged cross,

Till my trophies at last I lay down;

I will cling to the old rugged cross,

And exchange it someday for a crown.

To that old rugged cross I will ever be true,

Its shame and reproach gladly bear;

Then He will call me someday (Bless God) to my home far away,

Where His glory forever I’ll…

36 Do you mean it? Raise up your hand while you’re singing it.

So I’ll cherish the old rugged cross,

Till my trophies at last I lay down;

I will cling to the old rugged cross,

And exchange it someday for a crown.

Oh, how I love Him. Oh, just your souls to bathe in His goodness. The Angel of the Lord is here.

At last…

I will cling to the old rugged cross,

(Regardless of anything else.)

And exchange it some…?…

37 Have you ever thought how great that is? What could you give in exchange in this day of confusion, 

    59-0611 - The Time Of Decision
    Rev. William Marrion Branham","6AZ3lzd7uGU.mp3"
"53","5kREs6eVuvE","Isn't he wonderful!","ISN'T HE WONDERFUL! ( song 115 ) by Bro William Marrion Branham","Eliya Lemigio","167","https://www.youtube.com/watch?v=5kREs6eVuvE","69 Everybody feels all scoured out, like the Holy Spirit’s done something for you, raise your hands to Him like this, just feels that the Holy Spirit has done something. Blessed be the Name of the Lord. Oh, my. Isn’t He wonderful? Give us a chord of it, brother. “Isn’t He Wonderful.” Everybody now. “Isn’t He Wonderful.”

Wonderful, wonderful, wonderful?

Isn’t Jesus my Lord wonderful?

Eyes have seen, ears have heard,

What’s recorded in God’s Word;

Isn’t Jesus our Lord wonderful?

Isn’t He wonder…(Is He to you? Is He wonderful? Does He mean life to you?)

Isn’t Jesus my Lord wonderful?

Eyes have seen, ears have heard,

What’s recorded in God’s Word;

Isn’t Jesus our Lord wonderful?

70 Listen. “Eyes have seen; ears have heard what’s recorded in God’s Word.” What is it? “He’s the same yesterday, today, and forever.” I believe we’re ready for a revival, do you believe it? I believe we’re ready. How many’s going to start praying, going to start moving different right now? Raise your hands. “I’m going to start right now; we’re going to move right on.” If there’s anything in your way, take it out. Let’s start from this very hour and see an old fashion, God-sent, Pentecostal, heaven-born revival break into this city. The blind can see; the deaf can hear; the dumb can speak; the cripples can walk. Sure. But we can’t do it under a cold formal starchy people. We’ve got to break our differences down and get into the Spirit. Then you begin to see things.

71 When Elijah asked them to pray of him, they brought out the minstrel, and when the minstrel begin to pray, the Spirit come on the prophet. We’ve got to get the Spirit here before we can have any prophecy and any good things taking place. God bless you. Oh, how many loves Him, say, “Amen.” [Congregation says, “Amen.”—Ed.] That’s good. All right. Now, let us bow our heads, just a moment, for Brother Allcot, if you will. Walk forward now, while we dismiss the audience in prayer. All right. God bless you. 

    57-0806 - God Projecting His Love
    Rev. William Marrion Branham","5kREs6eVuvE.mp3"
"54","TgYUN4F3gt8","Onward, Christian soldier","ONWARD, CHRISTIAN SOLDIER - song 18 by Bro William Marrion Branham","Eliya Lemigio","274","https://www.youtube.com/watch?v=TgYUN4F3gt8","Aren’t you glad? Aren’t you glad? Give us Onward, Christian Soldiers, Brother, in a march, 4/4 if you will. All right. Oh, my! Oh!

Marching as to war,

Oh, with the cross of…

Let’s stand up now.

…Jesus

Going on before;

Christ, the royal Master,

Oh, leads against the foe; (What have we got? The Armor.)

Forward into battle,

See His banners go!

Onward Christian soldiers!

Marching as to war,

With the cross of Jesus

Going on before.

228 You’re not ashamed of Him, are you? Paul said, “I am not ashamed of the Gospel of Jesus Christ, for it is the power of God unto salvation.” Let’s just take our hands and say, “Hallelujah!” real loud, now. Come on. “Hallelujah! Hallelujah! Hallelujah!” Praise our God. Praise our God.

…army

Moves the Church of God;

Brothers, we are treading

Oh, where the saints have trod;

Oh, we are not divided,

Oh, all one body we;

Oh, one in hope and doctrine,

One in charity.

Everybody now, sing it.

Onward, Christian soldiers!

Marching as to war,

Oh, with the cross of Jesus

Going on before.

229 Would you like to join? The only way you can join is be borned. Now, the great thing is open here, the altar of God, there’s room at the fountain. Any man in here would like to join these ranks this afternoon, that will lay aside every creed that’s contrary to the Bible, every thought that’s contrary to the Bible, every doctrine that’s contrary to the Bible, and with faith walk up here and say, “I accept Jesus Christ upon the basis of His shed Blood and His Word,” I tell you something will happen to you right here, and you’ll be fortified with the power of the Holy Ghost.

230 No man has a right to claim himself a preacher until he’s found them sacred sands. Moses was just as intellectual as he could be, he had the power of the, uh, the knowledge of the Word, he knowed his position, he knowed he was a prophet, everything, but until he met God on that sacred sands back there…No intellectual could ever explain it from him, he was there when it happened.

231 No man has a right to claim God until you’ve come onto that sacred ground, where no intellectual giant can ever touch, you was there when it happened, it don’t make, difference what they can explain, you know it happened. Oh, glory!

232 Do you want to join us while we sing this one more time? Come around the altar, we’d be glad to pray for you ’fore we start the prayer line. All right, Brother, again, Onward, Christian Soldiers. Come now, join us. Last call. If you want to come, come now.

Onward, Christian soldiers!

Marching…(If you haven’t been fortified by the Spirit and the Word!)

…Jesus

Going on before.

Christ, the royal Master (Great Conqueror!),

Leads against the (Unbelief!), foe (Reasonings!);

Forward into battle,

See His banners go!

Onward, Christian soldiers!

Marching as to war,

Oh, with the cross of Jesus

Going on before.

    62-0701 - To Take On The Whole Armor Of God
    Rev. William Marrion Branham","TgYUN4F3gt8.mp3"
"55","Sc0dATYz7Bg","Take the name of Jesus","TAKE THE NAME OF JESUS - ( Song 222 ) - by Bro William Marrion Branham","Eliya Lemigio","130","https://www.youtube.com/watch?v=Sc0dATYz7Bg","All right.

Take the Name of Jesus with you,

Child of sorrow and of woe;

It will joy and comfort give you,

Take it everywhere you go.

Precious Name (precious Name), Oh how sweet! (Oh how sweet!)

Hope of earth and joy of Heaven;

Precious Name, Oh how sweet!

Hope of earth and joy of Heaven.

Now everybody look this way now.

At—at the Name of Jesus bowing,

Falling prostrate at His feet,

King of kings in Heaven we’ll crown Him,

When our journey is complete.

Precious Name (precious Name), Oh how sweet! (Oh how sweet!)

Hope of earth and joy of Heaven;

Precious Name (precious Name), Oh how sweet!

Hope of earth and joy…?…

192 Now while we bow our heads to the Lord Jesus. 

    56-1230 - Joseph Meeting His Brethren
    Rev. William Marrion Branham","Sc0dATYz7Bg.mp3"
"56","BzmVESfMUaU","No disappointment","No Disappointment - Rev. William Marrion Branham song 149","Eliya Lemigio","123","https://www.youtube.com/watch?v=BzmVESfMUaU","157 Aren’t you glad for Him? Say “Amen!” [Congregation says, “Amen!”—Ed.] All that love Him, say, “Praise the Lord.” [“Praise the Lord!”] All that believe that you’re going to that City foursquare, raise your hand. (Hold it, just a minute, with your song.)

I’m bound for that beautiful City, (How does that go now?)

Lord has prepared for His Own;

Where all the redeemed of all ages

Sing glory around the White Throne.

Sometimes I grow homesick for Heaven,

And the glory I there shall behold.

What a joy that will be,

When my Saviour I see

In that beautiful City of gold.

Don’t you like that? [Congregation says, “Amen.”—Ed.]

I’m bound for that beautiful City,

My Lord has prepared for His Own;

Where all the redeemed of all ages

Will sing glory around the White Throne.

Oh, sometimes I grow homesick for Heaven,

And the joys I there shall behold.

What a joy that will be,

When my Saviour I see

In that beautiful City of gold.

You love Him? [Congregation says, “Amen.”—Ed.]

    61-0730E - The Sixfold Purpose Of Gabriel's Visit To Daniel
    Rev. William Marrion Branham","BzmVESfMUaU.mp3"
"57","B9XMmex7n9g","Past the curtain of time","PAST THE CURTAIN OF TIME - William Marrion Branham song 191","Eliya Lemigio","156","https://www.youtube.com/watch?v=B9XMmex7n9g","Let us bow our heads just a moment.

I’m so homesick and blue…I want to see Jesus,

I would like to hear those sweet harbor bells chime;

It would brighten my path and would vanish all fear;

Lord, let us look a past the curtain of time.

Lord, let me look a past the curtain of sorrows and fear,

Let me view that sunny bright clime;

It would strengthen our faith and would vanish all fear;

Lord, let them look a past the curtain of time.

172 I am sure, Lord, if this little church, this morning, could just look apast the curtain: not an affliction among them, there never could be; not a sickness; nothing but perfection. And It’s just one breath between here and There, from old age to youth, from time to Eternity, from a weary of tomorrow, and a sorrow of yesterday, till the present time of Eternity in perfection.

173 I pray, God, that You will bless every person here, if there be those here, Lord, who does not know You in that way of Love. And truly, Father, nothing could enter that holy Place without that type of Love, the new Birth, the being borned again. 

    60-0515M - The Rejected King
    Rev. William Marrion Branham","B9XMmex7n9g.mp3"
"58","00LgwCkYwN4","When we all get to heaven","WHEN WE ALL GET TO HEAVEN - William Marrion Branham song 166","Eliya Lemigio","74","https://www.youtube.com/watch?v=00LgwCkYwN4","Everybody feeling good? [Congregation says, “Amen!”—Ed.]

When we all get to Heaven,

What a day of rejoicing that will be!

When we all see Jesus,

We’ll sing and shout the victory.

When we all get to Heaven,

What a day of rejoicing that will be!

When we all see Jesus,

We’ll sing and shout the victory.

282 Hallelujah! Let’s stand just a moment. How many loves Him with all your heart? Raise up your hand, say, “Praise the Lord!” [Congregation repeats after Brother Branham—Ed.] “Lord, I believe the full Gospel. Help me to be Your servant.” Hallelujah! Hallelujah! Do you love Him? [Congregation says, “Amen!”] In the Bible they…

    53-0729 - Questions And Answers On Genesis
    Rev. William Marrion Branham","00LgwCkYwN4.mp3"
"59","n2i7Du37Fa8","Wings of a dove","WINGS OF A DOVE - Rev. William Marrion Branham - Song 41","Eliya Lemigio","221","https://www.youtube.com/watch?v=n2i7Du37Fa8","224 Let’s raise our hands to Him, and sing it.

On the wings of a snow-white dove,

God sent His pure, sweet love,

A sign from Above,

On the wings of a dove.

Noah had drifted

On the floods many day,

He searched for land,

In various ways;

Troubles he had some,

But not from Above,

God sent down His sign

On the wings of a dove.

On the wings of a snow-white dove,

God sent down His pure, sweet love,

Oh, a sign from Above,

On the wings of a dove.

Jesus, our Saviour

Came to earth one day;

Borned in a stable,

In a manger of hay;

Though here rejected,

But not from Above,

God gave us His sign

On the wings of a dove.

On the wings of a snow-white dove,

God sends down His pure, sweet love,

A sign from Above,

On the wings of a dove.

225 Why, me an old man, suffered all my life, why did He heal me now? I believe I’ll ride this trail again, I got to bring a Message! And I say to my Father, tonight, as Junior seen in a—a dream the other night of the wings of this Dove, moving in these windows here, Lord, Your servant’s reporting for service. Amen, I’m ready!

On the wings of a snow-white dove,

God sends me His pure, sweet love,

A sign from Above,

On the wings of a dove.

226 Let’s believe now that He’s moving in upon the audience.

On the wings of a snow-white…

We’re waiting, Lord.

God sends down His pure, sweet love,

A sign from Above,

On the wings of a dove.

227 You that got prayer cards, in this aisle here, step forward over here; 

    65-1128E - On The Wings Of A Snow-White Dove
    Rev. William Marrion Branham","n2i7Du37Fa8.mp3"
"60","xyBGajJ9YL8","Have thine own way, Lord","HAVE THINE OWN WAY, LORD - Rev. William Marrion Branham song 37","Eliya Lemigio","189","https://www.youtube.com/watch?v=xyBGajJ9YL8","All together now, in a way of worship.

Have Thine Own way…

Now dedicate yourself to that song, by that song, to God.

Have Thine Own way!

Hold over my being

Absolute sway!

Mould me and make me

After Thy will,

While I am waiting,

Yielded and still.

113 Quietly now, in worship now. Don’t look around, just look to God.

Have Thine Own way…

Really mean it.

Have Thine Own Way!

Thou art the Potter;

I am the clay.

Mould me and make me

After Thy will,

While I am waiting,

Yielded and still.

114 I believe it would be real good. You love to worship? Message is over now. Let’s just worship, a minute, with our heads bowed, that song again. Mean it from your heart.

Have Thine…

Have Thine Own way!

Thou art the Potter;

I am the clay.

Mould me and make me

After Thy will,

While I am waiting,

Yielded and still.

115 Lord, grant this: May every one, from these little children to the oldest man and woman in Divine Presence, 

    58-1005E - God-Called Man
    Rev. William Marrion Branham","xyBGajJ9YL8.mp3"
"61","u35EUJPkV1I","Peace in the valley","PEACE IN THE VALLEY - Rev. William Marrion Branham song 155","Eliya Lemigio","168","https://www.youtube.com/watch?v=u35EUJPkV1I","Oh, the bear will be gentle, and the wolf will be tame;

And the lion shall lay down by the lamb, oh, yeah;

And the beast from…will be led by a child;

And I’ll be changed, changed from this creature that I am, oh, yeah.

Oh, there will be peace in the valley for me some day;

Oh, there will be peace in the valley for me…(Right! Yeah!)

There’ll be no more sorrow, no more sadness, no more trouble I’ll see;

And there will be peace in the valley for me.

520 Our invisible King, this morning, will be made manifest. I won’t look upon Bill Dauch at ninety years old. You won’t look upon me as fifty. But I’ll be changed, that Day.

And when the beast from the wild, will be led by a child;

But I’ll be changed, changed from this creature that I am.

521 Won’t you be glad? Gray hairs will be gone; the stooped shoulders. But beauty, immortal, will stand in His likeness, the sun to outshine. Oh, wonderful!

…for me, oh, Lord, I pray;

There’ll be no sadness, no more sorrow, no more trouble I’ll see;

And there will be peace in the valley for me.

522 That’s what we’re here for. How many of you need strength for the journey? God grant it to us! 

    64-0802 - The Future Home Of The Heavenly Bridegroom And The Earthly Bride
    Rev. William Marrion Branham","u35EUJPkV1I.mp3"
"62","SX8IqjOEEwE","Only believe","ONLY BELIEVE - Rev. William Marrion Branham - song 01","Eliya Lemigio","118","https://www.youtube.com/watch?v=SX8IqjOEEwE","I want every person in here to be in prayer right now. You are a part to do with this. The ushers standing up there will direct you in the line that you’re supposed to line in at this time.

All things are possible, only believe.

Fear not, little flock, from the cross to the Throne,

From death into life He went for His Own;

All power on earth, all power Above,

Is given to Him for the flock of His love.

What’s a Christmas star say now?

Only believe, only believe,

All things are possible, only believe;

Only believe, only believe,

All things are possible, only believe.

157 My dear friends, there’s many in here praying for you now; good man and good women, saintly, godly women and man.

    57-1222 - The Great Shining Light
    Rev. William Marrion Branham","SX8IqjOEEwE.mp3"
"63","atVt7wptFR0","I need thee","I NEED THEE - Rev. William Marrion Branham - song 702","Eliya Lemigio","140","https://www.youtube.com/watch?v=atVt7wptFR0","God bless you. “Oh, Blessed Saviour, I come to Thee.”

I need Thee, oh, I need Thee;

What if you were laying where mother is laying now?

Every hour I need Thee!

Oh, bless me now, my Saviour,

I come to Thee!

[Brother Branham hums—Ed.]

(O Lord, we need You;)

Every hour I need Thee!

Oh, bless me now,

Lord, I need You now more than I have in a long time.

But I come to Thee!

206 [Brother Branham begins humming, I Need Thee Every Hour—Ed.]

207 Heavenly Father, down through the valleys we walk, knowing that You’ve promised, “I’ll not leave thee, neither will I forsake thee. Seek ye first the Kingdom of God, and His righteousness, all other things will be added unto you.”

So I come to Thee!

    61-1001M - It Becometh Us To Fulfil All Righteousness
    Rev. William Marrion Branham","atVt7wptFR0.mp3"
"64","dmQboYwh3gs","I surrender all","I SURRENDER ALL - Rev. William Marrion Branham song 25","Eliya Lemigio","197","https://www.youtube.com/watch?v=dmQboYwh3gs","175 How many wants the Holy Ghost, come on up now with these. Come on around, come lost, surrender everything. Surrender your will, surrender everything to receive the Holy Ghost. Come on down out of the balcony up there. All of you outside of Christ, come on. This Shekinah Glory is true. I witnessed It by the Word and by God. It’s true, friend, come while you got a chance to come. All right, while we sing it again.

I surrender, I surrender all,

I surrender, I surrender all,

All to Thee, my blessed Saviour,

I surrender all.

I surrender, I surrender all,

I surrender all, (…?…)

All to Thee, my blessed Saviour,

I…

176 Oh, can’t you feel that Spirit of God, just moving over the building. Come on stand around while the ministers, everything is coming around for prayer now.

I surrender, I surrender all,

I surrender, I surrender all,

All to Thee, my blessed Saviour,

I…

Now, everybody raise up your hands and just start praising God. Glory!

…surrender, I surrender all,

I surrender, I surrender all,

All to Thee, my blessed Saviour,

Just praise Him. Give Him glory. Give Him glory, everybody…?…

…Thee, my blessed…

177 O Jesus, Thou Son of God, I pray that You’ll…?…

    61-0214 - The Basis Of Fellowship
    Rev. William Marrion Branham","dmQboYwh3gs.mp3"
"65","5s5XoyYB5oc","At the cross","AT THE CROSS - Rev. William Marrion Branham 146","Eliya Lemigio","161","https://www.youtube.com/watch?v=5s5XoyYB5oc","93 Now, let’s sing, “At The Cross, At The Cross Where I First Saw The Light.” Let every sinner move back in here, will you please? Move back here if…[Blank spot on tape—Ed.]

At the cross, at the cross where I first…

(That’s right. Move right back in the line.)

And the burden of my heart rolled…

(Rest of you can be seated, if you wish to.)

It was there by faith, I received…

(Personal workers hurry to the room, right quick.)

Now, I…

Everybody that wants to be a volunteer for a personal worker, move. They’re meeting in the room there, where the people’s receiving the Holy Ghost.

At the cross, at the cross where I first saw the light,

And the burden of my heart rolled away, (rolled away)

It was there by faith I received my sight,

And now I am happy all the day!

[Brother Branham hums—Ed.] Let’s just hum it, and hold our hands to God. [Brother Branham hums—Ed.]

roll…

O God, we love You, Lord, we love You.

[Brother Branham hums—Ed.]

I received my sight,

And now I am happy all the day!

Now, real slowly and sweetly. And in the tune that you’re singing.

At the cross, at the cross where I first saw the light. (At the nest, you see.)

Of my heart rolled away. (I seen her two big wings.)

It was there by…(I climbed up on them.)

I received my sight,

And now I am happy all the day!

[Brother Branham hums—Ed.]

Oh, I just can’t let that go. Isn’t it sweet? Don’t you feel it in your heart?

And the… 

    60-0804 - As The Eagle Stirreth Up Her Nest
    Rev. William Marrion Branham","5s5XoyYB5oc.mp3"
"66","49SdOVd5UII","Old-time power","OLD-TIME POWER - Rev. William Marrion Branham song 136","Eliya Lemigio","306","https://www.youtube.com/watch?v=49SdOVd5UII","O Lord, send Your power just now and baptize every one.

While we have our heads bowed:

They were in an upper chamber,

They were all with one accord,

When the Holy Ghost descended

That was promised by our Lord.

That’s His Word, promise.

O Lord, send Your power just now,

Pray now.

O Lord, send Your power just now;

O Lord, send Your power just now

And baptize every one.

O Lord, send Your power just…

328 I see ministers turning people around to the table, to pray with them. That’s right.

…the power just…

329 Just don’t think we’re just standing here talking. He is here.

O Lord…

If you’re…Don’t look up at somebody else. Close your eyes and look to Him, by faith.

And baptize every one.”

Remember:

They were in an upper chamber,

They were all with one accord,

When the Holy Ghost descended

That was promised by our Lord.

330 Here we are, all different creeds.

O Lord…

We’re in—we’re in unity now, now. Believe now.

O Lord, send Your power.

331 Look at how He’s been coming to us this week. Here He is, right here now, right by your side, if you’ll just believe it.

Now, and baptize every one.

O Lord, send Your power just now,

O Lord, send Your…

332 “I give You my heart, Lord. I give You everything. Here is my hand. I—I consecrate myself to You right now. Send Your power upon me just now.

And baptize every one.

Again:

O Lord…

Sing it till it becomes a reality to you. See? Now close your eyes, close your heart to all foolishness and all outside.

…just now,

O Lord, send Your power just now,

And baptize every one.

O Lord, send Your power just now,

O…

Pray now. Ask Him for It.

…power just now.

O…

Confess your faults.

…Lord, send Your power just now,

And baptize every one.

333 Now, Father, I pray that You’ll clean every heart. We confess our sins. We confess our wrongs. We have been wrong, Lord, all of us, together. We’re all guilty. We’re short of the glory of God. O God, won’t You, in mercy and pity, look upon us, Lord? We are needy people.

And we see the vision of the Coming of the Lord;

He is tramping out the vintage where the grapes of wrath are stored;

He has loosed the fateful lightning with His terrible swift Sword;

His Truth, the Bible, keeps marching on, marching on.

334 It marches over creeds. It marches over denominations. It marches over everything. Thy Truth keeps marching on.

…send Your power just now,

O Lord, send Your power just now;

O Lord, send Your power just now

And baptize every one.

O Lord, send that power just…

I believe it, Lord. I believe it.

O Lord, send Your power just now;

O Lord, send Your power just now

And baptize every one.

335 While the music continues on, and you praying. Now, if you clean your heart all out, all is confessed, you really laid it on the altar now, now He’s the High Priest of your confession. He can only, only help you as you believe it. If you’ve confessed your sins, if you confessed your wrongs, if you’ve done everything, confessed you been too dilatory, whatever you’ve confessed, now it’s laid on the sacrifice altar. Now put your hands upon Jesus and identify yourself. You identify yourself. By faith, lay your hands upon Jesus. And then when you do, look up to Him and say, “I receive it, Lord. I believe You now.”

    63-0608 - Conferences
    Rev. William Marrion Branham","49SdOVd5UII.mp3"
"67","nDPu01_0J7Y","Swing low, sweet chariot","SWING LOW, SWEET CHARIOT - Rev. William Marrion Branham song 164","Eliya Lemigio","149","https://www.youtube.com/watch?v=nDPu01_0J7Y","Swing low, sweet chariot,

Coming for to carry me Home;

Swing low, sweet chariot,

Coming for to carry me Home.

If you get there before I do,

Coming for to carry me Home;

Tell Brother Bosworth, and all my friends, too,

Just coming for to carry me Home.

Now swing low…(She’ll dip down someday and pick me up.)…chariot,

(Every tree will be afire; the Angels of God, the fiery chariot.)…for to carry me Home;

Swing low, sweet chariot,

Coming for to carry me Home.

95 One of these days, one of these days in the low parts of my death hours, I look for Him to coming. That’s right.

I looked over Jordan and what did I see

Coming for to carry me Home; (Like old Elijah looking over Jordan.)

A band of bright Angels coming after me,

They were coming for to carry me Home.

Swing low, get down low, sweet chariot,

Coming for to carry me Home;

Swing low, sweet chariot,

Coming for to carry me Home.

 59-0628M - A Deceived Church, By The World
    Rev. William Marrion Branham","nDPu01_0J7Y.mp3"
"68","h-DQcbMzUis","Shine on me","SHINE ON ME - Rev. William Marrion Branham song 66","Eliya Lemigio","114","https://www.youtube.com/watch?v=h-DQcbMzUis","Shine on me, Lord, shine on me,

Let the Light from the Lighthouse shine on me;

Oh, shine on me, Lord, shine on me,

Let the Light from the Lighthouse shine on me.

Let’s raise our hands while we sing that.

Shine on me, oh, Lord, shine…(That’s Spirit Life, that’s Spirit Life.)

Let the Light from the Lighthouse shine…

Oh, shine…Lord, shine on me,

Let the Light from the Lighthouse shine…

    61-1001E - The Comforter
    Rev. William Marrion Branham","h-DQcbMzUis.mp3"
"69","WMCAR3RTk3M","To be like Jesus","TO BE LIKE JESUS - Rev. William Marrion Branham song 67","Eliya Lemigio","202","https://www.youtube.com/watch?v=WMCAR3RTk3M","To be like Jesus, (Yes, Lord.) to be like Jesus,

On earth I long to be like Him;

All through life’s journey from earth to Glory,

I only ask to be like Him.

…O wondrous Saviour,

On earth I long to be like Him;

All through life’s journey from earth to Glory,

261 Would you like to have His Life living in you, reflecting His Presence? If you would, and you haven’t had it yet, would you stand for prayer? the ones that would like to be remembered in prayer. God bless you.

From Bethlehem’s manger…

Just remain standing now, just remain.

…came forth a Stranger, (You’ll be a stranger to the world.)

On earth I long to be like Him;

All through life’s journey from earth to Glory,

I only ask to be like Him.

Just to be like Jesus, to be like Jesus, (That’s my desire.)

On earth I long just to be like Him;

All through life’s journey from earth to Glory,

I only ask to be like Him.

…lowly, humble and lowly.

262 Now, Heavenly Father, standing on their feet is many who wants to receive You. 

    60-1204E - The Patmos Vision
    Rev. William Marrion Branham","WMCAR3RTk3M.mp3"
"70","CLhXE4_LcsI","Songs 70, 72 and 73","William Marrion Branham songs 70, 72, 73","Eliya Lemigio","126","https://www.youtube.com/watch?v=CLhXE4_LcsI","What was what we used to sing?

He’s my father, my mother, my sister and my brother,

He’s everything to me.

He’s everything, He’s everything to me;

He’s everything, He’s everything to me;

For He’s my father, my mother, my sister and my brother,

He’s everything to me.

210 You remember when we used to sing that? Any of you remember it? My, years ago! And then we used to say:


211 Oh, won’t you watch with me one hour,

While I go yonder, while I go yonder?

Oh, won’t you watch with me one hour,

While I go yonder and pray?

I’m overcoming, I’m overcoming,

I’m overcoming, I’m overcoming;

For I love Jesus, He’s my Saviour,

And He smiles and He loves me too.

212 Used to be old Brother Smith, a colored brother, used to be down here at the corner. Oh! I’d hear those colored folks down there, I’d just sit there and scream and cry and everything else, shake my car all over and jump all around it like that. They all clapped their hands.

Oh, won’t you watch with…

That little beat the colored folks has, you know. Nobody can sing like them; you might as well forget it. See?

…one hour,

While I go yonder,…

213 Oh, my! I sit there, I said, “O God!” This little old boy, about twenty years old, I’d run around and around that car and just shout and praise God like that. Oh, what a time! That was just the early beginning, when God was just moving among the people like that. Now we’re come into a strong Church. Not many in members, but powerful in the Spirit. Amen. How wonderful!

    63-0724 - God Doesn't Call Man To Judgment Without First Warning Him
    Rev. William Marrion Branham","CLhXE4_LcsI.mp3"
"71","Aolt5g83yTI","My faith looks up to thee","MY FAITH LOOKS UP TO THEE - William Marrion Branham song 23","Eliya Lemigio","166","https://www.youtube.com/watch?v=Aolt5g83yTI","Oh, you love Him?

My faith looks up to Thee,

Thou Lamb of Calvary,

O Saviour Divine;

Now hear me while I pray,

Take all my sins away,

Nor let me ever stray

From Thee aside.

While life’s dark maze I tread,

And griefs around me spread,

Be Thou my Guide;

Bid darkness turn to day,

Wipe sorrow’s fears away,

O let me from this day

Be wholly Thine!

Don’t you love that?

My faith looks up to Thee,

Thou Lamb of Calvary,

O Saviour Divine;

Now hear me while I pray,

Take all my sin away,

Nor let me ever stray

From Thee aside.

    64-0823E - Questions And Answers #2
    Rev. William Marrion Branham","Aolt5g83yTI.mp3"
"72","oP9WbzqZyXs","I shall know him","I SHALL KNOW HIM - Rev. William Marrion Branham song 99","Eliya Lemigio","123","https://www.youtube.com/watch?v=oP9WbzqZyXs","61 Years ago there was a writer, Fanny Crosby; she was blind. She didn’t sell her birthrights, like many fine singers today in the television and movie world, sold out their birthrights for just a—a few boogie-woogie songs or rock-and-roll. But Mrs. Crosby was a different woman.

They come to her one day, and said, “Why don’t you write modern poetry? Why don’t you write songs that’d…for the entertainment world?”

She said, “I give all my talents to God.” Oh…

Said, “Well, you believe there’ll be a heaven then?”

Said, “Yes.”

Said, “And you think you’ll be there?”

“Yes.”

Said, “Now, what…When you get there, if you remain blind,” said, “how will you know Him?”

She said, “I’ll feel the nail scar in His hands.” She turned, went walking back, walking back in the room. And when she did, she raised her hands and begin to praise God. When they walked outdoors, she—song struck her. She said:

I shall know Him, I shall know Him,

And redeemed by His side I shall stand;

I shall know Him, I shall know Him

By the prints of the nails in His hands.

62 And today, brother, sister, she’s walking the streets of glory with far better sight than anybody on this earth ever had. She sees Him, knows Him, and standing redeemed by His side. 

    60-0722 - Watchman, What Of The Night?
    Rev. William Marrion Branham","oP9WbzqZyXs.mp3"
"73","Bhn2e2bRCK4","Holy, holy, holy","HOLY, HOLY, HOLY - Rev. William Marrion Branham song 96","Eliya Lemigio","121","https://www.youtube.com/watch?v=Bhn2e2bRCK4","All right, let’s try it now if we can:

Holy, Holy, Holy, Lord God Most Mighty.

Lee, come up here a minute. I—I—I believe that I—I don’t think I know it in that tune. Let me try it without the music. See? Let’s see if we can get it. Now, I know…I might have it wrong. See? You help me now, every one of you, now.

Holy, Holy, Holy, Lord God Most…hosts.

Heaven and earth are full of Thee,

Heaven and earth are praising Thee,

O Lord Most High!

You like that? Doesn’t that do something to you? Let’s try it again:

Holy, Holy, Holy, Lord God Most High!

Heaven and earth are full of Thee,

Heaven and earth are praising Thee,

O Lord Most High!

210 I like that, don’t you? Oh, I just love those good old songs. There’s something about them songs that I like. You can have all of your little chopped-up songs you want to. Give me that; I like that. Pass the Riven Veil, all these other pretty songs like that; I like them songs. I think singing is part of worship (yes, sir!), singing the praises to the Lord.

211 All right, for our dismissing, now, song, is Take the Name of Jesus With You. 

    64-0830E - Questions And Answers #4
    Rev. William Marrion Branham","Bhn2e2bRCK4.mp3"
"74","4WnTr2DhpV8","He careth for you","HE CARETH FOR YOU - Rev. William Marrion Branham song 84","Eliya Lemigio","231","https://www.youtube.com/watch?v=4WnTr2DhpV8","give us a chord there, brother, of “He Careth For Thee.” Will you? “He Careth For You,” you know.

He…

This is what I want to sing to you, and you sing back to me now, everybody. How many know it? “He Careth For You,” let’s see your hands? (All right. Lead us off now. All right.)

He careth for you,

He careth for you;

Through sunshine or shadow,

He careth for you.

Let’s all together now sing it. Come on.

He careth for you,

He careth for you;

Through sunshine or shadow,

He careth for you.

83 Listen. Let’s let this middle aisle sing it for the rest of you. Sing it with me, just this middle aisle through here. Come on now.

He careth for you, (They’re singing to you all.)

He careth for you;

Through sunshine or shadow,

He careth for you.

Let all the sick people that can to stand, all the sick people, stand, that’s going to be in the prayer line. Now, you people here that’s well, let’s you and I sing it to the sick people that’s going to be in the prayer line.

He…(Point your finger to them.)

He careth for you,

He careth for you;

Through sunshine or shadow,

He careth for you. (Let everyone stand now.)

He…

84 Now, turn around and shake hands with your neighbor. Everybody sing “He Cares For You.” Shake hands with somebody standing by you.

He careth for…(That’s right. Turn right around with a good handshake.)

He careth for you. (Let’s sing it again.)

He careth for you,

He careth for you;

Through sunshine or shadow,

He careth for you.

Let’s all say “Amen.” Come on. It won’t hurt you. Now, say, “Praise the Lord.” Come…Praise the Lord. Now, let’s hear us all say together. “I love my neighbor.” [The congregation says, “I love my neighbor.”—Ed.] “From this time on, I’ll try to be Christ’s servant.” From this time on, I’ll try to be Christ’s servant.

He careth for…(Oh, my, get right into it.)

He careth for you;

Through sunshine or shadow,

He careth for…

85 Chord it slowly, brother. Now, let’s bow our heads. 

    48-0302 - Experiences
    Rev. William Marrion Branham","4WnTr2DhpV8.mp3"
"75","z_6yfpxqkT8","Every promise is mine","EVERY PROMISE IS MINE - Rev. William Marrion Branham song 567","Eliya Lemigio","80","https://www.youtube.com/watch?v=z_6yfpxqkT8","And every promise in the Book is mine,

Every chapter, every verse, every line.

(Is that right?)

I am trusting in His Word divine,

For every promise in the Book is mine.

That’s right. He—He…I’d rather He said, “Whosoever will,” than said, “William Branham.” There might be a hundred William Branhams. But every, “Whosoever will,” I know means it’s mine. That’s right. I just said, “I believe You.” Yes, sir. 

78 ......... Amen. That’s right. Sure, because God’s Word is right. Do you believe it? Let’s sing it then.

Every promise in the Book is mine,

Every chapter, every verse, every line.

I am trusting in His heart divine,

Every promise in the Book is mine.

All you sick people now that’s going to be prayed for, sing it with me.

Every promise in…(Raise your hand.) is mine,

Every chapter, every verse, every line.

I am trusting in His Word divine,

Every promise in the Book is mine.

    48-0302 - Experiences
    Rev. William Marrion Branham","z_6yfpxqkT8.mp3"
"76","vCqTMBBSe1o","I can, I will, I do believe","I CAN, I WILL, I DO BELIEVE - Rev. William Marrion Branham song 114","Eliya Lemigio","99","https://www.youtube.com/watch?v=vCqTMBBSe1o","The voice of Rev. William Marrion Branham","vCqTMBBSe1o.mp3"
"77","EHhM8MVBwvw","Precious Lord, take my hand, lead me home","PRECIOUS LORD, TAKE MY HAND, LEAD ME HOME - Rev. William Marrion Branham song 647","Eliya Lemigio","202","https://www.youtube.com/watch?v=EHhM8MVBwvw","When the way is growing drear,

Precious Lord linger near,

When my life is almost gone;

At the river I stand, (Yes, Lord)

Guide my feet, hold my hand;

Precious Lord, take my hand, lead me home.

Precious Lord…

Will you stand and raise your hand now, if you really want Him?

Lead me on, let me stand, (Yes, Lord, me too.)

I am tired, I am weak, I am worn;

Through the storm, through the night,

Lead me on to the light;

Here’s my hand, precious Lord, lead me home.

80 Now, while we have our heads bowed, you that wants the baptism of the Spirit, won’t you move up around the altar real quietly while we sing one more verse:

Precious Lord, (Come right down here. If you really want It, come now.)

Lead me on…

God bless you. Oh, looky here. What if Paul Rader could rise to the scene this afternoon?

…weak, I am worn;

Through the storm, through the night, (Hallelujah.)

Lead me on to the light;

Precious Lord, take my hand, lead me home.

Precious Lord, hold my hand, lead me on, let me stand,

I am tired, I am weak, I am worn;

Through the storm, through the night,

O lead me on to the light;

Now, Precious Lord, take my hand, lead me home.
 

    53-0830A - Why I Am A Holy-Roller
    Rev. William Marrion Branham","EHhM8MVBwvw.mp3"
"78","7p9WmqxRkGc","Don't forget the family prayer","DON'T FORGET THE FAMILY PRAYER - Rev. William Marrion Branham song 103","Eliya Lemigio","75","https://www.youtube.com/watch?v=7p9WmqxRkGc","201 Now, till next Sunday morning at nine-thirty, let’s sing this little song that we used to sing years ago:

Don’t forget the family prayer,

Jesus wants to meet you there;

He will take your every care,

Don’t forget the family prayer.

Let’s sing it together now.

Don’t forget the family prayer,

Jesus wants to meet you there;

He will take your every care,

Oh, don’t forget the family prayer.

202 Now as we sing it again, shake hands with a pilgrim next to you, see, as we sing it.

Don’t forget the family prayer,

Oh, Jesus wants to meet you there;

He will take your every care,

Oh, don’t forget the family prayer.

203 Don’t you love Him?

    65-0725E - What Is The Attraction On The Mountain?
    Rev. William Marrion Branham","7p9WmqxRkGc.mp3"
"79","N5yeoAmSfaM","Bring them in","BRING THEM IN - Rev. William Marrion Branham song 134","Eliya Lemigio","69","https://www.youtube.com/watch?v=N5yeoAmSfaM","We’ll be glad to have you, as you come. All right, is it in the book there? You find it, Brother Neville? It isn’t there. All right, how many knows it, Bring Them In? All right, let’s sing it now. Everybody together, while the mothers bring their babies. All right. All right.

…them in, bring them in,

Bring them in from the fields of sin;

Bring them in, bring them in,

Bring the wandering ones to Jesus.

Bring them in, bring them in,

Bring them in from the fields of sin;

Bring them in, bring them in,

Bring the little ones to Jesus.

Shall we bow our heads a moment.

20 Our Heavenly Father, 

    55-0724 - Enticing Spirits
    Rev. William Marrion Branham","N5yeoAmSfaM.mp3"
"80","OB5DZ9cSr8k","Oh, what precious love","OH, WHAT PRECIOUS LOVE - Rev. William Marrion Branham song 55","Eliya Lemigio","140","https://www.youtube.com/watch?v=OB5DZ9cSr8k","Now just let…I—I—I can’t sing it, but I’m going to try it, I feel the Holy Spirit on me. Amen. Said:

Oh, what precious love that Father

Had for Adam’s fallen race,

Gave His only Son to suffer

And redeem us by His grace.

Oh, I love that!

Oh, what precious love that Father

Had for Adam’s fallen race,

Gave His only Son to suffer

And redeem us by His grace.

279 I love that, don’t you? Isn’t there something about it? Now, those Messages are hard, and strict, and cutting. That’s what the Word of God is, sharper than a two-edged sword. But when it’s all over, see, the great Holy Spirit setting here in the building, somewhere, watching over. Angels! Oh! Then, after it’s all over, see Him spread forth His arm, and the blessings begin to fall. We raise our arms to Him, and worship Him in the sweetness of the Holy Spirit. Doesn’t it do something to you? Just cleans you out, gives you a new start, brings you back to the Word.

280 How many is sick now? Say, “I’m coming to be healed, this morning. This is the hour of my healing.”

281 One, two, three, four, five, about eight or ten of you. All right. I wonder if my little children here would do something for me. Will you do that? Wonder if you all would just come right back up here, just a little bit now. I’m going to ask you all to come right down along the altar here, while we pray, while we’re still singing, let those who are to be anointed and prayed for. Brother Neville, come. And we’re going to pray for them, then have water baptism. And then a official dismissal, in about—about two or three, about ten minutes, at the most, I guess. All right.

Oh, what precious love that Father

Had for Adam’s fallen race,

Gave His only Son to suffer

And redeem us by His grace.

282 If anybody knows where that little colored family is, I wish they’d come up and sing that again, for me, during the revival. It was down on Broadway there, somewhere. I forget what their name was; man, and his wife, a little girl. They had that little stop in it, you know, as you do that.

Oh, what precious love that Father

Had for Adam’s fallen race,

Gave His only Son to suffer

And redeem us by His grace.

283 See what it is? Adam’s race had fallen, interbred, all the way down. She come all the way down the line, from actual, spiritual unbelief in God’s Word to sexual, to all kinds of filth, down to the lowest part.

And, oh, what precious love that Father

Gave for Adam’s fallen race,

Gave His only Son to suffer.

284 Come down to the lowest there was, and redeem us back up to His Word, redeem us by His grace.

285 And now, this morning, we stand by His grace, saying, “We are His children. We have a right to these blessing.” 

    60-1113 - Condemnation By Representation
    Rev. William Marrion Branham","OB5DZ9cSr8k.mp3"
"81","sr9usyYKyGE","The old-time religion","THE OLD-TIME RELIGION  ||  Rev. William Marrion Branham song 63","Eliya Lemigio","93","https://www.youtube.com/watch?v=sr9usyYKyGE","177 I’ll sing The Old-time Religion for you, if you want me to. [Congregation says, “Amen.”—Ed.] Sing the verse, I’ll sing the verse. You sing the chorus, then.

Is the old-time Holy Spirit,

And the devil won’t go near It,

That’s the reason people fear It;

But It’s good enough for me.

Give me that old-time religion,

Give me that old-time religion,

Give me that old-time religion,

And It’s good enough for me.

It will do when I am dying;

It will make you stop your lying;

It will start the devil flying,

And It’s good enough for me.

Give me that old-time religion,

Give me that old-time religion,

Give me that old-time religion,

And It’s good enough for me. (See?)

It’s so good I want no other,

For It makes me love my brother;

And It brings things from under cover,

And It’s good enough for me.

Give me that old-time religion,

Give me that old-time religion,

Give me that old-time religion,

And It’s good enough for me.

178 Now, how many here has got that old-time religion? Raise up your hand, say:

I got that old-time religion,

Got that old-time religion,

Got that old-time religion,

And It’s good enough for me.

    54-1006 - Law Or Grace
    Rev. William Marrion Branham","sr9usyYKyGE.mp3"
"82","CIsUEFOOu_w","Jesus paid it all","JESUS PAID IT ALL  ||  Rev. William Marrion Branham song 211","Eliya Lemigio","76","https://www.youtube.com/watch?v=CIsUEFOOu_w","We commit them to Thee, in Jesus’ Name. Amen.

Jesus paid it all. (That’s what He did.)

All my si-…Him I owe;

Sin had left a crimson stain:

He washed it white as snow.

136 Now the message over, let’s just worship the Lord, in singing.

Jesus paid it all.

All to Him I owe;

Sin had left a crimson stain:

He washed it white as snow.

    59-1004M - Who Is This?
    Rev. William Marrion Branham","CIsUEFOOu_w.mp3"
"83","8CMPwTQwNgk","Leaning on the everlasting arms","Leaning On The Everlasting Arms  ||  Rev. William Marrion Branham song 45","Eliya Lemigio","75","https://www.youtube.com/watch?v=8CMPwTQwNgk","Sure, His Word goes forth. He’s here; He’s present. Let’s sing that song, “Leaning On The Everlasting Arm.” Come on, everybody.

…a fellowship, what a joy divine,

Leaning on the everlasting arms;

Oh, how sweet to walk…in Your peace is mine,

Leaning on the everlasting arms.

Leaning, leaning,

Safe and secure from all alarms;

Leaning, leaning,

Leaning on the everlasting arms.

Oh, that’s wonderful. 
    
57-0811E - Expectations And Leadings Of The Spirit
    Rev. William Marrion Branham","8CMPwTQwNgk.mp3"
"84","XX_t4hO5lMk","Jesus is calling","JESUS IS CALLING  ||  Rev. William Marrion Branham song 995","Eliya Lemigio","94","https://www.youtube.com/watch?v=XX_t4hO5lMk","Calling today, (This is…) 

Jesus is calling,

He’s tenderly calling today.

Don’t you love to worship the God of heaven like this: sweetness, quietness? Wonder if we could bow our head and raise our hands. All together now, worship. The message is over. Let’s just worship Him. Sing that again now.

Calling today, Calling today,

Jesus is calling,

He’s tenderly calling today.



    57-0811E - Expectations And Leadings Of The Spirit
    Rev. William Marrion Branham","XX_t4hO5lMk.mp3"
"85","ad6o4PFiz2k","Where we never grow old","Where We Never Grow Old  ||  Rev. William Marrion Branham song 182","Eliya Lemigio","88","https://www.youtube.com/watch?v=ad6o4PFiz2k","Now, all this congregation join in together, Never Grow Old. Come on, all together now.

Never grow old, never grow old,

In the land where we’ll never grow old;

Never grow old, where we’ll never grow old,

In the land where we’ll never grow old.

In the sweet…

We shall meet on that beautiful shore;

In the sweet by and by,

We shall meet on that beautiful shore.

You love Him? Oh, He is wonderful. Just so good, so kind.

Got a little dedication of the baby? 

    59-0628E - Questions And Answers
    Rev. William Marrion Branham","ad6o4PFiz2k.mp3"
"86","VMweGgB-q_E","Honey in the rock","Honey In The Rock || Ugandan Sisters || EliyaLemigio","Eliya Lemigio","177","https://www.youtube.com/watch?v=VMweGgB-q_E","Sister Doreck and friends at katenga convention in mitooma Uganda","VMweGgB-q_E.mp3"
"87","Sfgp7OIu5cw","I'll meet you","I'LL MEET YOU || Rev. William Marrion Branham song 189","Eliya Lemigio","99","https://www.youtube.com/watch?v=Sfgp7OIu5cw","I will meet you in the morning, by the bright river side,

When all sorrows has drifted away;

I’ll be standing by the portal, when the gates open wide,

At the close of life’s long, weary day.

I will meet you in the morning, by the bright river side, (I’m lost in the middle.)

…down by the river, and, with rapture, “auld” acquaintance renew;

I’ll see you then, know you.

You will know me in the morning, by the smile that I wear,

I will meet you in the morning, in the City, that is built foursquare.

567 You love it? “Till we meet!” Now let’s stand. Take The Name Of Jesus With You, give us the chord.

568 You love Him? Isn’t He wonderful? Do you believe this is Truth? Are you headed that way, by the grace of God? Until we get there:

    64-0802 - The Future Home Of The Heavenly Bridegroom And The Earthly Bride
    Rev. William Marrion Branham","Sfgp7OIu5cw.mp3"
"88","8FaoeBUbC-k","Faith in Jehovah","FAITH IN JEHOVAH || Rev. William Marrion Branham song 112","Eliya Lemigio","89","https://www.youtube.com/watch?v=8FaoeBUbC-k","62 Oh, do you love Him? [Congregation says, “Yes.”—Ed.] Isn’t He wonderful? We used to sing a little song.

Faith in the Father, faith in the Son,

Faith in the Holy Ghost, three in the One;

Demons will tremble, and sinners awake;

Faith in Jehovah will anything shake.

Amen. The devil hates them old jubilee songs. Let’s sing it together. Come on.

Faith in the Father, faith in the Son,

Faith in the Holy Ghost, three in the One;

Oh, demons will tremble, and sinners awake;

Faith in Jehovah will anything shake.

63 Amen. Shake the stalactites of hell right in the devil’s eyes. That’s right. God will let them know who’s who. Brother Groat, are you here? You know where I learned that song at? 

    55-1006E - The Power Of God
    Rev. William Marrion Branham","8FaoeBUbC-k.mp3"
"89","9ORDzDbDfC0","I have crossed the riven veil","I HAVE CROSSED THE RIVEN VEIL || Rev. William Marrion Branham song 119","Eliya Lemigio","100","https://www.youtube.com/watch?v=9ORDzDbDfC0","Just to think, we’re living in the Presence of the King. Did you ever sing this old song?

Hallelujah, hallelujah;

I have crossed the riven veil where the glories never fail,

Hallelujah, hallelujah;

I am living in the presence of the King.

Hallelujah. Crossed the riven veil where the glories never fail, where the Shekinah Glory of God keeps alive, keeps from contaminating, keeps from indulging in the world, and sets aside, sanctifies the believer, taking all the things of the world, all the doubt and darkness from his mind, and putting a pure heart. God writing His laws, one time, and put it in the table under the ark. And today, the man living in the Shekinah Glory, under the mercy seat, God writes His laws upon his heart and preserves them.

I don’t want to get started again. Amen. I’m so glad that we can live in the Presence of the King.

    55-1006E - The Power Of God
    Rev. William Marrion Branham","9ORDzDbDfC0.mp3"
"90","ItM4EN-xx8Y","It is no secret","IT IS NO SECRET || Rev. William Marrion Branham song 217","Eliya Lemigio","98","https://www.youtube.com/watch?v=ItM4EN-xx8Y","It is no secret, what God can do;

What He’s done for others, He’ll do for you.

With arms wide open, He’ll pardon you

It is no secret, what God can do.

....God can do;

What He’s done for others, He’ll do for you.

With arms wide open, He’ll pardon you

It is no secret, what God can do.


Do you love the Lord?

 Isn’t He wonderful? 

Had a glorious time here this morning in this fellowship. 

Have you just felt His Presence? 

Just something around you, saying, “Well, I’m with you. Don’t fear. 



    56-0101 - Why Are People So Tossed About?
     Rev. William Marrion Branham","ItM4EN-xx8Y.mp3"
"91","eJ0R661zZKc","Draw me nearer","DRAW ME NEARER || Rev. William Marrion Branham song 38","Eliya Lemigio","94","https://www.youtube.com/watch?v=eJ0R661zZKc","I am Thine, O Lord, I have heard Thy Voice,

And It told Thy love to me;

How I long to rise in the arms of faith,

And be closer drawn to Thee.

Draw me nearer, nearer, blessed Lord,

To the cross where Thou hast died;

Draw me nearer, nearer, nearer, blessed Lord,

To Thy precious, bleeding side.

    56-1125E - A Blushing Prophet
    Rev. William Marrion Branham","eJ0R661zZKc.mp3"
"92","2s7W2r_qmuA","Feeling so much better","Feeling So Much Better || Rev. William Marrion Branham Song 09","Eliya Lemigio","45","https://www.youtube.com/watch?v=2s7W2r_qmuA","Let’s go on, let’s go on, talking about this good old Way,

Let’s go on, let’s go on, talking about the Lord.

Did you ever hear it?

Feeling so much better just talking about this good old Way,

I’m feeling so much better, I’m talking about the Lord.

    62-0531 - The Conflict Between God And Satan
    Rev. William Marrion Branham","2s7W2r_qmuA.mp3"
"93","8NvZZ2EUdOk","God be with you till we meet again","GOD BE WITH YOU, Till We Meet Again ||  Rev. William Marrion Branham Song 221","Eliya Lemigio","137","https://www.youtube.com/watch?v=8NvZZ2EUdOk","God be with you till we meet again,

By His counsels guide, uphold you,

With His sheep securely fold you;

God be with you…

70 Don’t that sound more like God than a lot of carrying on, don’t it? Listen now, shake hands with somebody by you now, front of you, back of you, to your side, now don’t leave your seat. We ain’t through yet, just shake hands.

Till we meet, till…

All you Methodist and Baptist now, Pentecostals, Presbyterians, up in the balcony, shake hands.

We meet at Jesus’ feet; (Till we meet;)

Till we meet, till we meet,

God be with you till we meet again. (Slowly.)

Till we (Now, raise your hand to Him.), till we (Oh, that’s heavenly to me.)

We meet at Jesus’ (May be before night.)

Till we meet, till we meet,

God be with you till we meet again.

    58-0330A - A Missionary Talk
    Rev. William Marrion Branham","8NvZZ2EUdOk.mp3"
"94","nCLuIoJfe-I","Amen","AMEN || Rev. William Marrion Branham Song 58","Eliya Lemigio","127","https://www.youtube.com/watch?v=nCLuIoJfe-I","62-0601 - Taking Sides With Jesus
    Rev. William Marrion Branham","nCLuIoJfe-I.mp3"
"95","zq5oz8AYk3U","Precious memories","PRECIOUS MEMORIES || Rev. William Marrion Branham Song 215","Eliya Lemigio","95","https://www.youtube.com/watch?v=zq5oz8AYk3U","56-1230 - Joseph Meeting His Brethren
    Rev. William Marrion Branham","zq5oz8AYk3U.mp3"
"96","0Zh7ELiSc9A","Room at the fountain","ROOM AT THE FOUNTAIN || Rev. William Marrion Branham Song 120","Eliya Lemigio","76","https://www.youtube.com/watch?v=0Zh7ELiSc9A","…room, yes, there is room,

There’s room at the Fountain for thee;

Room, room…

434 All right. Those candidates for baptism, the men will go to this room, the women to this one, all right, those who are to be baptized in the blessed Name of our Lord.

…good to thee,

There’s room at the Fountain for thee;

God has been so good to me,

There’s room at the Fountain for thee.

435 Everybody now:

Room, room, yes, there is room,

There’s room at the Fountain for thee;

Oh, room, room, yes, there is room,

There’s room at the Fountain for thee.

436 Oh, I love that old song. Don’t you?

There’s room at the Fountain for thee;

Oh, room, room, there’s plenty of room,

There’s room at the Fountain.

    57-0922E - Hebrews, Chapter Seven #2
    Rev. William Marrion Branham","0Zh7ELiSc9A.mp3"
"97","SVNvMybgCvQ","The message of his coming","The Message Of His Coming || Rev. William Marrion Branham || Song 125","Eliya Lemigio","85","https://www.youtube.com/watch?v=SVNvMybgCvQ","62-1013 - The Influence Of Another
Rev. William Marrion Branham | par.199","SVNvMybgCvQ.mp3"
"98","hm-9oh7mXTA","Don't turn him away","Don't Turn Him Away || Rev. William Marrion Branham Song","Eliya Lemigio","101","https://www.youtube.com/watch?v=hm-9oh7mXTA","Rev. William Marrion Branham Song","hm-9oh7mXTA.mp3"
"99","FEDm9y0USL4","Teach me, Lord, to wait","Teach, me, Lord to wait || William Marrion Branham Song 10","Eliya Lemigio","71","https://www.youtube.com/watch?v=FEDm9y0USL4","128……Hold yourself quiet, and wait. Let the thunders go by. Let the earthquake shake. Let the rushing winds go, and the fire sweep, whatever it will. I think of that song:

Teach me, Lord, how to wait when hearts are aflame,

Let me humble my pride, call on Your Name;

Keep my faith renewed, my eyes on Thee,

Let me be on this earth what You want me to be.

That’s what I want to do.

They that wait upon the Lord, shall renew their strength,

They shall mount up with wings as an eagle,

You believe that?

They shall run and not be weary, they shall walk and not faint;

Teach me, Lord, teach me, Lord, how to wait.

    59-0301E - What Does Thou Here?
    Rev. William Marrion Branham","FEDm9y0USL4.mp3"
"100","EuaaDLeazts","Worshipping","Worshipping || Rev. William Marrion Branham","Eliya Lemigio","396","https://www.youtube.com/watch?v=EuaaDLeazts","For I ask it in Jesus’ Name. Amen.

    65-1204 - The Rapture
    Rev. William Marrion Branham","EuaaDLeazts.mp3"
